StartDate,EndDate,Status,Progress,Duration (in seconds),Finished,RecordedDate,ResponseId,DistributionChannel,UserLanguage,Q1,Q34,Q2,Q3,Q4_0_GROUP_35,alcgroup1,alcgroup1,alcgroup1,alcgroup1,alcgroup1,alcgroup1,alcgroup1,alcgroup1,alcgroup1,alcgroup1,alcgroup1,alcgroup1,alcgroup1,alcgroup1,alcgroup2,alcgroup2,alcgroup2,alcgroup2,alcgroup2,alcgroup2,alcgroup2,alcgroup2,alcgroup2,alcgroup2,alcgroup2,alcgroup2,alcgroup2,alcgroup2,alcgroup2,alcgroup3,alcgroup3,alcgroup3,alcgroup3,alcgroup3,alcgroup3,alcgroup3,alcgroup3,alcgroup3,alcgroup3,alcgroup3,alcgroup3,alcgroup3,alcgroup3,alcgroup3,restgroup1,restgroup1,restgroup1,restgroup1,restgroup1,restgroup1,restgroup1,restgroup1,restgroup1,restgroup1,restgroup1,restgroup1,restgroup1,restgroup1,restgroup1,restgroup1,restgroup1,restgroup1,restgroup1,restgroup1,restgroup1,restgroup1,restgroup1,restgroup1,restgroup2,restgroup2,restgroup2,restgroup2,restgroup2,restgroup2,restgroup2,restgroup2,restgroup2,restgroup2,restgroup2,restgroup2,restgroup2,restgroup2,restgroup2,restgroup2,restgroup2,restgroup2,restgroup2,restgroup2,restgroup2,restgroup2,restgroup2,restgroup2,restgroup3,restgroup3,restgroup3,restgroup3,restgroup3,restgroup3,restgroup3,restgroup3,restgroup3,restgroup3,restgroup3,restgroup3,restgroup3,restgroup3,restgroup3,restgroup3,restgroup3,restgroup3,restgroup3,restgroup3,restgroup3,restgroup3,restgroup3,restgroup3,foodgroup1,foodgroup1,foodgroup1,foodgroup1,foodgroup1,foodgroup1,foodgroup1,foodgroup1,foodgroup1,foodgroup1,foodgroup1,foodgroup1,foodgroup1,foodgroup1,foodgroup2,foodgroup2,foodgroup2,foodgroup2,foodgroup2,foodgroup2,foodgroup2,foodgroup2,foodgroup2,foodgroup2,foodgroup2,foodgroup2,foodgroup2,foodgroup2,foodgroup3,foodgroup3,foodgroup3,foodgroup3,foodgroup3,foodgroup3,foodgroup3,foodgroup3,foodgroup3,foodgroup3,foodgroup3,foodgroup3,foodgroup3,foodgroup3,valuealc,valuealc,valuealc,valuealc,valuealc,valuealc,valuealc,valuealc,valuealc,valuealc,valuealc,valuealc,valuealc,valuealc,valuealc,valuefood,valuefood,valuefood,valuefood,valuefood,valuefood,valuefood,valuefood,valuefood,valuefood,valuefood,valuefood,valuefood,valuefood,valuerest,valuerest,valuerest,valuerest,valuerest,valuerest,valuerest,valuerest,valuerest,valuerest,valuerest,valuerest,valuerest,valuerest,valuerest,valuerest,valuerest,valuerest,valuerest,valuerest,valuerest,Q10_1,Q10_2,Q10_3,Q10_4,Q10_5,Q11,Q12_1,Q12_2,Q12_3,Q12_4,Q12_5,Q12_6,Q12_7,Q13,Q14,Q15,Q16,Q17,Q17_4_TEXT,Q18,Q18_4_TEXT,Q19_1,Q21_1,Q21_2,Q21_3,Q21_4,Q23_1,Q23_2,Q23_3,Q23_4,Q_TotalDuration
Start Date,End Date,Response Type,Progress,Duration (in seconds),Finished,Recorded Date,Response ID,Distribution Channel,User Language,"You are being asked to participate in a research study. Researchers are required to provide a consent form to inform you about the research study, to convey that participation is voluntary, to explain risks and benefits of participation, and to empower you to make an informed decision. You should feel free to ask the researchers any questions you may have.

Study Title: Brand Identity Survey

Researcher and Title: Courtney Cooper, PhD Student and Research Assistant, Dr. Dawn Thilmany, Professor and Faculty Sueprvisor, and Dr. Trey Malone, Associate Professor and Faculty Supervisor 

Department and Institution: Department of Agricultural Economics and AgriBusiness, University of Arkansas

Contact Information: cfcooper@uark.edu



1. PURPOSE OF RESEARCH: You are being asked to participate in a research study of consumer preferences.  Your participation in this study will take about fifteen minutes. You will be asked to respond to a series of questions about how you view different food values.

2. WHAT YOU WILL DO: Proceeding with the web-based survey will imply your consent to participate in this study. There are about 40 questions asking about your preferences for food in addition to questions asking about your food expenditures. We also ask some basic demographic questions. The survey will take about 15 minutes to complete. 

3. POTENTIAL BENEFITS: This research will assist researchers anticipate the demand for various food products, awareness of food-related issues or events that could affect demand.

4. POTENTIAL RISKS: The risks associated with this study are minimal. The risks are not greater than those ordinarily encountered in daily life. Moreover, you may stop the survey at any time.

5. PRIVACY AND CONFIDENTIALITY: The researchers will not have access to your name. At no point will a data file be constructed in which your name is linked with your responses. The data will be stored by the principal investigators in his office with no intention to destroy the data. The data will only be released in summaries in which no individual’s answers can be identified.

6. Your rights to participate, say no, or withdraw: You have the right to say no to participate in the research. You can stop at any time after it has already started. There will be no consequences if you stop and you will not be criticized. You will not lose any benefits that you normally receive.

7. COSTS AND COMPENSATION FOR BEING IN THE STUDY: Procedures being performed for research purposes only will be provided free of charge by the principle investigator.

8. Contact Information If you have concerns or questions about this study, such as scientific issues, how to do any part of it, or to report an injury, please contact the researcher:

Courtney Cooper, 218B Agri, Fayetteville, AR, 72701, cfcooper@uark.edu.  



If you have questions or concerns about your rights as a research participant, please contact Ro Windwalker, the University's IRB Coordinator, at 479-575-2208 or irb@uark.edu.



9. Documentation of Informed consent.

Continuing with the survey means that you voluntarily agree to participate in this research study.",What state do you currently reside in?,"Brand strategy is how companies put the brand forward in such a way that consumers desire it more so than competing brands, and increasingly, branding may convey more than the intrinsic qualities of the product and convey extrinsic identity and values they want aligned with a project.



Many brands assume that brand framing can make a difference in decision making when the same information is framed in different ways and is now considered a part of consumer decision making. For that reason, we are interested in how you might align various brands with the values and identity you value in a product.",I am 21 years or above.,Please group brands based on how you similar you find their offerings (please choose at least 2 brands per group) - Groups - Group 1 - Angry Orchard,Please group brands based on how you similar you find their offerings (please choose at least 2 brands per group) - Groups - Group 1 - Bacardi,Please group brands based on how you similar you find their offerings (please choose at least 2 brands per group) - Groups - Group 1 - Budweiser,Please group brands based on how you similar you find their offerings (please choose at least 2 brands per group) - Groups - Group 1 - Coors Light,Please group brands based on how you similar you find their offerings (please choose at least 2 brands per group) - Groups - Group 1 - Corona,Please group brands based on how you similar you find their offerings (please choose at least 2 brands per group) - Groups - Group 1 - Crown Royal,Please group brands based on how you similar you find their offerings (please choose at least 2 brands per group) - Groups - Group 1 - Delta Dirt,Please group brands based on how you similar you find their offerings (please choose at least 2 brands per group) - Groups - Group 1 - High Noon,Please group brands based on how you similar you find their offerings (please choose at least 2 brands per group) - Groups - Group 1 - Lost Forty Brewing,Please group brands based on how you similar you find their offerings (please choose at least 2 brands per group) - Groups - Group 1 - Scarlett Letter,Please group brands based on how you similar you find their offerings (please choose at least 2 brands per group) - Groups - Group 1 - Smirnoff,Please group brands based on how you similar you find their offerings (please choose at least 2 brands per group) - Groups - Group 1 - Titos,Please group brands based on how you similar you find their offerings (please choose at least 2 brands per group) - Groups - Group 1 - Topo Chico Seltzer,Please group brands based on how you similar you find their offerings (please choose at least 2 brands per group) - Groups - Group 1 - Truly,Please group brands based on how you similar you find their offerings (please choose at least 2 brands per group) - Groups - Group 1 - White Claw,Please group brands based on how you similar you find their offerings (please choose at least 2 brands per group) - Groups - Group 2 - Angry Orchard,Please group brands based on how you similar you find their offerings (please choose at least 2 brands per group) - Groups - Group 2 - Bacardi,Please group brands based on how you similar you find their offerings (please choose at least 2 brands per group) - Groups - Group 2 - Budweiser,Please group brands based on how you similar you find their offerings (please choose at least 2 brands per group) - Groups - Group 2 - Coors Light,Please group brands based on how you similar you find their offerings (please choose at least 2 brands per group) - Groups - Group 2 - Corona,Please group brands based on how you similar you find their offerings (please choose at least 2 brands per group) - Groups - Group 2 - Crown Royal,Please group brands based on how you similar you find their offerings (please choose at least 2 brands per group) - Groups - Group 2 - Delta Dirt,Please group brands based on how you similar you find their offerings (please choose at least 2 brands per group) - Groups - Group 2 - High Noon,Please group brands based on how you similar you find their offerings (please choose at least 2 brands per group) - Groups - Group 2 - Lost Forty Brewing,Please group brands based on how you similar you find their offerings (please choose at least 2 brands per group) - Groups - Group 2 - Scarlett Letter,Please group brands based on how you similar you find their offerings (please choose at least 2 brands per group) - Groups - Group 2 - Smirnoff,Please group brands based on how you similar you find their offerings (please choose at least 2 brands per group) - Groups - Group 2 - Titos,Please group brands based on how you similar you find their offerings (please choose at least 2 brands per group) - Groups - Group 2 - Topo Chico Seltzer,Please group brands based on how you similar you find their offerings (please choose at least 2 brands per group) - Groups - Group 2 - Truly,Please group brands based on how you similar you find their offerings (please choose at least 2 brands per group) - Groups - Group 2 - White Claw,Please group brands based on how you similar you find their offerings (please choose at least 2 brands per group) - Groups - Group 3 - Angry Orchard,Please group brands based on how you similar you find their offerings (please choose at least 2 brands per group) - Groups - Group 3 - Bacardi,Please group brands based on how you similar you find their offerings (please choose at least 2 brands per group) - Groups - Group 3 - Budweiser,Please group brands based on how you similar you find their offerings (please choose at least 2 brands per group) - Groups - Group 3 - Coors Light,Please group brands based on how you similar you find their offerings (please choose at least 2 brands per group) - Groups - Group 3 - Corona,Please group brands based on how you similar you find their offerings (please choose at least 2 brands per group) - Groups - Group 3 - Crown Royal,Please group brands based on how you similar you find their offerings (please choose at least 2 brands per group) - Groups - Group 3 - Delta Dirt,Please group brands based on how you similar you find their offerings (please choose at least 2 brands per group) - Groups - Group 3 - High Noon,Please group brands based on how you similar you find their offerings (please choose at least 2 brands per group) - Groups - Group 3 - Lost Forty Brewing,Please group brands based on how you similar you find their offerings (please choose at least 2 brands per group) - Groups - Group 3 - Scarlett Letter,Please group brands based on how you similar you find their offerings (please choose at least 2 brands per group) - Groups - Group 3 - Smirnoff,Please group brands based on how you similar you find their offerings (please choose at least 2 brands per group) - Groups - Group 3 - Titos,Please group brands based on how you similar you find their offerings (please choose at least 2 brands per group) - Groups - Group 3 - Topo Chico Seltzer,Please group brands based on how you similar you find their offerings (please choose at least 2 brands per group) - Groups - Group 3 - Truly,Please group brands based on how you similar you find their offerings (please choose at least 2 brands per group) - Groups - Group 3 - White Claw,Please group brands based on how you similar you find their offerings (please choose at least 2 brands per group) - Groups - Group 1 - Arsaga's,Please group brands based on how you similar you find their offerings (please choose at least 2 brands per group) - Groups - Group 1 - Burger King,Please group brands based on how you similar you find their offerings (please choose at least 2 brands per group) - Groups - Group 1 - CAVA,Please group brands based on how you similar you find their offerings (please choose at least 2 brands per group) - Groups - Group 1 - Chick-fil-A,Please group brands based on how you similar you find their offerings (please choose at least 2 brands per group) - Groups - Group 1 - Chipotle,Please group brands based on how you similar you find their offerings (please choose at least 2 brands per group) - Groups - Group 1 - Cracker Barrel,Please group brands based on how you similar you find their offerings (please choose at least 2 brands per group) - Groups - Group 1 - Domino's,Please group brands based on how you similar you find their offerings (please choose at least 2 brands per group) - Groups - Group 1 - Firehouse Subs,Please group brands based on how you similar you find their offerings (please choose at least 2 brands per group) - Groups - Group 1 - Five Guys Burgers and Fries,Please group brands based on how you similar you find their offerings (please choose at least 2 brands per group) - Groups - Group 1 - Hugo's,Please group brands based on how you similar you find their offerings (please choose at least 2 brands per group) - Groups - Group 1 - Jimmy John's,Please group brands based on how you similar you find their offerings (please choose at least 2 brands per group) - Groups - Group 1 - KFC,Please group brands based on how you similar you find their offerings (please choose at least 2 brands per group) - Groups - Group 1 - Mcdonald's,Please group brands based on how you similar you find their offerings (please choose at least 2 brands per group) - Groups - Group 1 - Panera Bread,Please group brands based on how you similar you find their offerings (please choose at least 2 brands per group) - Groups - Group 1 - Papa John's,Please group brands based on how you similar you find their offerings (please choose at least 2 brands per group) - Groups - Group 1 - Popeyes,Please group brands based on how you similar you find their offerings (please choose at least 2 brands per group) - Groups - Group 1 - Raising Cane's Chicken Fingers,Please group brands based on how you similar you find their offerings (please choose at least 2 brands per group) - Groups - Group 1 - Sonic Drive-In,Please group brands based on how you similar you find their offerings (please choose at least 2 brands per group) - Groups - Group 1 - Starbucks,Please group brands based on how you similar you find their offerings (please choose at least 2 brands per group) - Groups - Group 1 - Subway,Please group brands based on how you similar you find their offerings (please choose at least 2 brands per group) - Groups - Group 1 - Sweetgreen,Please group brands based on how you similar you find their offerings (please choose at least 2 brands per group) - Groups - Group 1 - Taco Bell,Please group brands based on how you similar you find their offerings (please choose at least 2 brands per group) - Groups - Group 1 - Waffle House,Please group brands based on how you similar you find their offerings (please choose at least 2 brands per group) - Groups - Group 1 - Wright's BBQ,Please group brands based on how you similar you find their offerings (please choose at least 2 brands per group) - Groups - Group 2 - Arsaga's,Please group brands based on how you similar you find their offerings (please choose at least 2 brands per group) - Groups - Group 2 - Burger King,Please group brands based on how you similar you find their offerings (please choose at least 2 brands per group) - Groups - Group 2 - CAVA,Please group brands based on how you similar you find their offerings (please choose at least 2 brands per group) - Groups - Group 2 - Chick-fil-A,Please group brands based on how you similar you find their offerings (please choose at least 2 brands per group) - Groups - Group 2 - Chipotle,Please group brands based on how you similar you find their offerings (please choose at least 2 brands per group) - Groups - Group 2 - Cracker Barrel,Please group brands based on how you similar you find their offerings (please choose at least 2 brands per group) - Groups - Group 2 - Domino's,Please group brands based on how you similar you find their offerings (please choose at least 2 brands per group) - Groups - Group 2 - Firehouse Subs,Please group brands based on how you similar you find their offerings (please choose at least 2 brands per group) - Groups - Group 2 - Five Guys Burgers and Fries,Please group brands based on how you similar you find their offerings (please choose at least 2 brands per group) - Groups - Group 2 - Hugo's,Please group brands based on how you similar you find their offerings (please choose at least 2 brands per group) - Groups - Group 2 - Jimmy John's,Please group brands based on how you similar you find their offerings (please choose at least 2 brands per group) - Groups - Group 2 - KFC,Please group brands based on how you similar you find their offerings (please choose at least 2 brands per group) - Groups - Group 2 - Mcdonald's,Please group brands based on how you similar you find their offerings (please choose at least 2 brands per group) - Groups - Group 2 - Panera Bread,Please group brands based on how you similar you find their offerings (please choose at least 2 brands per group) - Groups - Group 2 - Papa John's,Please group brands based on how you similar you find their offerings (please choose at least 2 brands per group) - Groups - Group 2 - Popeyes,Please group brands based on how you similar you find their offerings (please choose at least 2 brands per group) - Groups - Group 2 - Raising Cane's Chicken Fingers,Please group brands based on how you similar you find their offerings (please choose at least 2 brands per group) - Groups - Group 2 - Sonic Drive-In,Please group brands based on how you similar you find their offerings (please choose at least 2 brands per group) - Groups - Group 2 - Starbucks,Please group brands based on how you similar you find their offerings (please choose at least 2 brands per group) - Groups - Group 2 - Subway,Please group brands based on how you similar you find their offerings (please choose at least 2 brands per group) - Groups - Group 2 - Sweetgreen,Please group brands based on how you similar you find their offerings (please choose at least 2 brands per group) - Groups - Group 2 - Taco Bell,Please group brands based on how you similar you find their offerings (please choose at least 2 brands per group) - Groups - Group 2 - Waffle House,Please group brands based on how you similar you find their offerings (please choose at least 2 brands per group) - Groups - Group 2 - Wright's BBQ,Please group brands based on how you similar you find their offerings (please choose at least 2 brands per group) - Groups - Group 3 - Arsaga's,Please group brands based on how you similar you find their offerings (please choose at least 2 brands per group) - Groups - Group 3 - Burger King,Please group brands based on how you similar you find their offerings (please choose at least 2 brands per group) - Groups - Group 3 - CAVA,Please group brands based on how you similar you find their offerings (please choose at least 2 brands per group) - Groups - Group 3 - Chick-fil-A,Please group brands based on how you similar you find their offerings (please choose at least 2 brands per group) - Groups - Group 3 - Chipotle,Please group brands based on how you similar you find their offerings (please choose at least 2 brands per group) - Groups - Group 3 - Cracker Barrel,Please group brands based on how you similar you find their offerings (please choose at least 2 brands per group) - Groups - Group 3 - Domino's,Please group brands based on how you similar you find their offerings (please choose at least 2 brands per group) - Groups - Group 3 - Firehouse Subs,Please group brands based on how you similar you find their offerings (please choose at least 2 brands per group) - Groups - Group 3 - Five Guys Burgers and Fries,Please group brands based on how you similar you find their offerings (please choose at least 2 brands per group) - Groups - Group 3 - Hugo's,Please group brands based on how you similar you find their offerings (please choose at least 2 brands per group) - Groups - Group 3 - Jimmy John's,Please group brands based on how you similar you find their offerings (please choose at least 2 brands per group) - Groups - Group 3 - KFC,Please group brands based on how you similar you find their offerings (please choose at least 2 brands per group) - Groups - Group 3 - Mcdonald's,Please group brands based on how you similar you find their offerings (please choose at least 2 brands per group) - Groups - Group 3 - Panera Bread,Please group brands based on how you similar you find their offerings (please choose at least 2 brands per group) - Groups - Group 3 - Papa John's,Please group brands based on how you similar you find their offerings (please choose at least 2 brands per group) - Groups - Group 3 - Popeyes,Please group brands based on how you similar you find their offerings (please choose at least 2 brands per group) - Groups - Group 3 - Raising Cane's Chicken Fingers,Please group brands based on how you similar you find their offerings (please choose at least 2 brands per group) - Groups - Group 3 - Sonic Drive-In,Please group brands based on how you similar you find their offerings (please choose at least 2 brands per group) - Groups - Group 3 - Starbucks,Please group brands based on how you similar you find their offerings (please choose at least 2 brands per group) - Groups - Group 3 - Subway,Please group brands based on how you similar you find their offerings (please choose at least 2 brands per group) - Groups - Group 3 - Sweetgreen,Please group brands based on how you similar you find their offerings (please choose at least 2 brands per group) - Groups - Group 3 - Taco Bell,Please group brands based on how you similar you find their offerings (please choose at least 2 brands per group) - Groups - Group 3 - Waffle House,Please group brands based on how you similar you find their offerings (please choose at least 2 brands per group) - Groups - Group 3 - Wright's BBQ,Please group brands based on how you similar you find their offerings (please choose at least 2 brands per group) - Groups - Group 1 - Ben & Jerry's,Please group brands based on how you similar you find their offerings (please choose at least 2 brands per group) - Groups - Group 1 - Coca-Cola,Please group brands based on how you similar you find their offerings (please choose at least 2 brands per group) - Groups - Group 1 - Campbell,Please group brands based on how you similar you find their offerings (please choose at least 2 brands per group) - Groups - Group 1 - General Mills,Please group brands based on how you similar you find their offerings (please choose at least 2 brands per group) - Groups - Group 1 - Hershey,Please group brands based on how you similar you find their offerings (please choose at least 2 brands per group) - Groups - Group 1 - Impossible Burger,Please group brands based on how you similar you find their offerings (please choose at least 2 brands per group) - Groups - Group 1 - Kellogg,Please group brands based on how you similar you find their offerings (please choose at least 2 brands per group) - Groups - Group 1 - Kraft,Please group brands based on how you similar you find their offerings (please choose at least 2 brands per group) - Groups - Group 1 - Loblolly Creamery,Please group brands based on how you similar you find their offerings (please choose at least 2 brands per group) - Groups - Group 1 - My Brother's Salsa,Please group brands based on how you similar you find their offerings (please choose at least 2 brands per group) - Groups - Group 1 - Nestle,Please group brands based on how you similar you find their offerings (please choose at least 2 brands per group) - Groups - Group 1 - Onyx Coffee,Please group brands based on how you similar you find their offerings (please choose at least 2 brands per group) - Groups - Group 1 - Pepsico,Please group brands based on how you similar you find their offerings (please choose at least 2 brands per group) - Groups - Group 1 - Tyson,Please group brands based on how you similar you find their offerings (please choose at least 2 brands per group) - Groups - Group 2 - Ben & Jerry's,Please group brands based on how you similar you find their offerings (please choose at least 2 brands per group) - Groups - Group 2 - Coca-Cola,Please group brands based on how you similar you find their offerings (please choose at least 2 brands per group) - Groups - Group 2 - Campbell,Please group brands based on how you similar you find their offerings (please choose at least 2 brands per group) - Groups - Group 2 - General Mills,Please group brands based on how you similar you find their offerings (please choose at least 2 brands per group) - Groups - Group 2 - Hershey,Please group brands based on how you similar you find their offerings (please choose at least 2 brands per group) - Groups - Group 2 - Impossible Burger,Please group brands based on how you similar you find their offerings (please choose at least 2 brands per group) - Groups - Group 2 - Kellogg,Please group brands based on how you similar you find their offerings (please choose at least 2 brands per group) - Groups - Group 2 - Kraft,Please group brands based on how you similar you find their offerings (please choose at least 2 brands per group) - Groups - Group 2 - Loblolly Creamery,Please group brands based on how you similar you find their offerings (please choose at least 2 brands per group) - Groups - Group 2 - My Brother's Salsa,Please group brands based on how you similar you find their offerings (please choose at least 2 brands per group) - Groups - Group 2 - Nestle,Please group brands based on how you similar you find their offerings (please choose at least 2 brands per group) - Groups - Group 2 - Onyx Coffee,Please group brands based on how you similar you find their offerings (please choose at least 2 brands per group) - Groups - Group 2 - Pepsico,Please group brands based on how you similar you find their offerings (please choose at least 2 brands per group) - Groups - Group 2 - Tyson,Please group brands based on how you similar you find their offerings (please choose at least 2 brands per group) - Groups - Group 3 - Ben & Jerry's,Please group brands based on how you similar you find their offerings (please choose at least 2 brands per group) - Groups - Group 3 - Coca-Cola,Please group brands based on how you similar you find their offerings (please choose at least 2 brands per group) - Groups - Group 3 - Campbell,Please group brands based on how you similar you find their offerings (please choose at least 2 brands per group) - Groups - Group 3 - General Mills,Please group brands based on how you similar you find their offerings (please choose at least 2 brands per group) - Groups - Group 3 - Hershey,Please group brands based on how you similar you find their offerings (please choose at least 2 brands per group) - Groups - Group 3 - Impossible Burger,Please group brands based on how you similar you find their offerings (please choose at least 2 brands per group) - Groups - Group 3 - Kellogg,Please group brands based on how you similar you find their offerings (please choose at least 2 brands per group) - Groups - Group 3 - Kraft,Please group brands based on how you similar you find their offerings (please choose at least 2 brands per group) - Groups - Group 3 - Loblolly Creamery,Please group brands based on how you similar you find their offerings (please choose at least 2 brands per group) - Groups - Group 3 - My Brother's Salsa,Please group brands based on how you similar you find their offerings (please choose at least 2 brands per group) - Groups - Group 3 - Nestle,Please group brands based on how you similar you find their offerings (please choose at least 2 brands per group) - Groups - Group 3 - Onyx Coffee,Please group brands based on how you similar you find their offerings (please choose at least 2 brands per group) - Groups - Group 3 - Pepsico,Please group brands based on how you similar you find their offerings (please choose at least 2 brands per group) - Groups - Group 3 - Tyson,Angry Orchard,Bacardi,Budweiser,Coors Light,Corona,Crown Royal,Delta Dirt,High Noon,Lost Forty Brewing,Scarlett Letter,Smirnoff,Titos,Topo Chico Seltzer,Truly,White Claw,Ben & Jerry's,Coca-Cola,Campbell,General Mills,Hershey,Impossible Burger,Kellogg,Kraft,Loblolly Creamery,My Brother's Salsa,Nestle,Onyx Coffee,Pepsico,Tyson,Burger King,Chick-fil-A,Chipotle,Cracker Barrel,Domino's,Firehouse Subs,Five Guys Burgers and Fries,Jimmy John's,KFC,Mcdonald's,Panera Bread,Papa John's,Popeyes,Raising Cane's Chicken Fingers,Sonic Drive-In,Starbucks,Subway,Sweetgreen,Taco Bell,Waffle House,Wright's BBQ,"I believe that by purchasing certain kinds of food/beverages, I can have a substantial positive impact on my health.",I believe that what I choose to buy and where I choose to buy food products can have an impact on the local economy.,"I believe that by choosing to buy or not to buy certain food, I can have a positive impact on the natural environment.","I believe that I can make a statement about social fairness (e.g. fair treatment of workers, practices that respect human rights) by carefully choosing the food/beverages I buy.",Each consumer’s behavior can have a positive effect on society by purchasing products sold by socially responsible companies.,"Are you of Spanish, Hispanic, or Latino origin?",Choose one or more races that you consider yourself to be - White or Caucasian,Choose one or more races that you consider yourself to be - Black or African American,Choose one or more races that you consider yourself to be - American Indian/Native American or Alaska Native,Choose one or more races that you consider yourself to be - Asian,Choose one or more races that you consider yourself to be - Native Hawaiian or Other Pacific Islander,Choose one or more races that you consider yourself to be - Other,Choose one or more races that you consider yourself to be - Prefer not to say,What is the highest level of education you have completed?,What was your total household income before taxes during the past 12 months?,What is your US Zip Code?,How old are you?,How do you describe yourself? - Selected Choice,How do you describe yourself? - Prefer to self-describe - Text,"Generally speaking, do you usually think of yourself as a Republican, a Democrat, an Independent, or something else? - Selected Choice","Generally speaking, do you usually think of yourself as a Republican, a Democrat, an Independent, or something else? - Other - Text",Here is a 7-point scale on which the political views that people might hold are arranged from extremely liberal (left) to  extremely conservative (right). Where would you place yourself on this scale? - Political Ideology,Women are too easily offended.,Women exaggerate problems they have at work.,"When women lose to men in a fair competition, they typically complain about being discriminated against.",Feminists are making entirely reasonable demands of men.,"Just as in other species, homosexuality is a natural expression of sexuality in humans.",Homosexuality is merely a different kind of sexual orientation that should not be condemned.,People who are homosexual can't fit into society.,Homosexuality is a perversion and wrong.,Q_TotalDuration
1/23/2024 10:23,1/23/2024 10:35,IP Address,100,710,TRUE,1/23/2024 10:35,R_7rYmbee4HWQAiPT,anonymous,EN,I agree to participate in this research study,Arkansas,I understand,"Yes, I am above 21.",,,Budweiser,Coors Light,,,,,,,,,,,,,,,,Corona,Crown Royal,,,,,,,,,,,Bacardi,,,,,,,,,Smirnoff,,,,,,Burger King,,,,,,,,,,,Mcdonald's,,,,,,,,,,,,,,,,,,Domino's,,,,,,,,Papa John's,,,,,,,,,,,,,,,,,Firehouse Subs,,,,,,,,,,,,Subway,,,,,,,,General Mills,,,,,,,Nestle,,,,,Coca-Cola,,,,,Kellogg,,,,,,,,Ben & Jerry's,,,,,,,,Loblolly Creamery,,,,,,1,1,1,1,1,1,1,1,1,1,1,1,1,1,1,3,,,,3,3,,3,3,,,,,,1,4,4,4,1,4,3,,1,1,2,3,1,1,2,,,1,1,1,1,6,6,4,6,6,No,,Black or African American,,,,,,"Some college, but no degree","$50,000-$74,999",71726,45-54 years old,Female,,Republican,,7,5,4,4,1,1,1,3,5,710
1/23/2024 10:32,1/23/2024 10:37,IP Address,100,286,TRUE,1/23/2024 10:37,R_5akTdzMdhGLFsVr,anonymous,EN,I agree to participate in this research study,Arkansas,I understand,"Yes, I am above 21.",,,Budweiser,,Corona,Crown Royal,Delta Dirt,High Noon,Lost Forty Brewing,,,,,,,Angry Orchard,,,Coors Light,,,,,,Scarlett Letter,Smirnoff,Titos,Topo Chico Seltzer,Truly,,,Bacardi,,,,,,,,,,,,,White Claw,,Burger King,,Chick-fil-A,,,Domino's,,,,,KFC,Mcdonald's,,,,,Sonic Drive-In,,,,,,,Arsaga's,,CAVA,,Chipotle,Cracker Barrel,,Firehouse Subs,,,,,,Panera Bread,Papa John's,,,,Starbucks,Subway,,Taco Bell,,,,,,,,,,,Five Guys Burgers and Fries,Hugo's,Jimmy John's,,,,,Popeyes,Raising Cane's Chicken Fingers,,,,Sweetgreen,,Waffle House,Wright's BBQ,,Coca-Cola,Campbell,,Hershey,,,Kraft,,,Nestle,,,,Ben & Jerry's,,,General Mills,,Impossible Burger,Kellogg,,,,,,,,,,,,,,,,Loblolly Creamery,My Brother's Salsa,,Onyx Coffee,Pepsico,Tyson,2,2,5,2,4,2,2,2,2,2,2,2,2,2,2,2,5,4,2,5,2,2,5,2,2,2,2,2,2,4,5,2,2,2,2,1,1,5,5,1,1,1,1,5,2,2,1,5,2,2,3,3,3,5,5,No,White or Caucasian,,,,,,,High school diploma or GED,"$50,000-$74,999",72401,25-34 years old,Female,,Democrat,,1,1,2,2,2,2,1,2,2,286
1/23/2024 11:09,1/23/2024 11:21,IP Address,100,727,TRUE,1/23/2024 11:21,R_5PImuJgu4VWfjd7,anonymous,EN,I agree to participate in this research study,Arkansas,I understand,"Yes, I am above 21.",Angry Orchard,,,,,,Delta Dirt,High Noon,,Scarlett Letter,,,Topo Chico Seltzer,Truly,White Claw,,Bacardi,,,,Crown Royal,,,,,Smirnoff,Titos,,,,,,Budweiser,Coors Light,Corona,,,,Lost Forty Brewing,,,,,,,Arsaga's,,CAVA,,,,,,,Hugo's,,,,Panera Bread,,,,Sonic Drive-In,Starbucks,,Sweetgreen,,,,,Burger King,,Chick-fil-A,Chipotle,,Domino's,Firehouse Subs,Five Guys Burgers and Fries,,Jimmy John's,KFC,Mcdonald's,,Papa John's,Popeyes,Raising Cane's Chicken Fingers,,,Subway,,Taco Bell,,,,,,,,Cracker Barrel,,,,,,,,,,,,,,,,,Waffle House,Wright's BBQ,Ben & Jerry's,,,,Hershey,,,,,,,,,,,Coca-Cola,,General Mills,,,Kellogg,,Loblolly Creamery,,Nestle,Onyx Coffee,Pepsico,,,,Campbell,,,Impossible Burger,,Kraft,,My Brother's Salsa,,,,Tyson,3,4,5,,2,5,2,2,2,,4,,2,2,4,1,1,4,4,4,2,4,4,2,2,5,2,5,4,2,5,4,4,4,4,2,2,3,4,2,2,5,2,4,5,5,2,1,2,2,7,5,6,7,5,No,White or Caucasian,,,,,,,High school diploma or GED,"$25,000-$49,999",72653,55-64 years old,Male,,Republican,,5,3,2,2,2,3,3,2,3,727
1/23/2024 11:15,1/23/2024 11:22,IP Address,100,421,TRUE,1/23/2024 11:22,R_7qgGNS80ywIKIY6,anonymous,EN,I agree to participate in this research study,Arkansas,I understand,"Yes, I am above 21.",,,Budweiser,Coors Light,Corona,,,,,,,,,,,,Bacardi,,,,Crown Royal,,,,,Smirnoff,,,,,,,,,,,,High Noon,,,,,,,White Claw,,Burger King,,,,,,,Five Guys Burgers and Fries,,,,Mcdonald's,,,,,Sonic Drive-In,,,,,,,,,,Chick-fil-A,,,,,,,,KFC,,,,Popeyes,Raising Cane's Chicken Fingers,,,,,,,,,,,,,Cracker Barrel,,Firehouse Subs,,,,,,Panera Bread,,,,,,Subway,,,,,,Coca-Cola,,,,,,,,,,,Pepsico,,,,,,Hershey,,,,,,Nestle,,,,,,,General Mills,,,Kellogg,,,,,,,,2,4,2,2,2,2,1,1,1,1,5,2,2,2,2,5,3,5,5,5,2,5,5,2,2,5,2,5,5,2,5,4,4,2,2,2,2,1,4,2,2,4,2,5,5,5,2,5,5,2,7,7,7,7,7,No,White or Caucasian,,,,,,,High school diploma or GED,"Less than $25,000",72064,55-64 years old,Female,,Independent,,4,3,3,5,2,5,5,1,1,421
1/23/2024 11:15,1/23/2024 11:31,IP Address,100,966,TRUE,1/23/2024 11:31,R_7aPMqjXx8xXMbLy,anonymous,EN,I agree to participate in this research study,Arkansas,I understand,"Yes, I am above 21.",,,Budweiser,,Corona,,,,,,,,,,,,,,,,,,High Noon,,Scarlett Letter,,,,,,,,,,,,,,,,,,,Truly,White Claw,,Burger King,,Chick-fil-A,,,,,,,,,,,,,,,,,,,,,,,,,,Cracker Barrel,,,,,,,,,,Popeyes,,,,,,,,,,,,,,,,,,,,,,,,,,Sonic Drive-In,,Subway,,,,,,,Campbell,General Mills,,,,,,,,,,,Ben & Jerry's,,,,,Impossible Burger,,,,,,,,,,Coca-Cola,,,,,,,,,,,Pepsico,,,,4,4,4,4,,,5,,,,,,,2,3,4,3,5,,,,2,2,4,,4,4,4,5,2,4,3,2,2,3,4,4,2,2,4,5,3,4,2,3,4,3,,6,4,3,3,6,No,White or Caucasian,,,,,,,Associates or technical degree,"$25,000-$49,999",72956,65+ years old,Female,,Republican,,5,4,3,4,3,2,3,1,2,966
1/23/2024 12:06,1/23/2024 12:23,IP Address,100,1030,TRUE,1/23/2024 12:23,R_6PBV9sK7zes0tIB,anonymous,EN,I agree to participate in this research study,Arkansas,I understand,"Yes, I am above 21.",Angry Orchard,,Budweiser,Coors Light,,,Delta Dirt,,Lost Forty Brewing,,,,,,White Claw,,Bacardi,,,Corona,Crown Royal,,,,,Smirnoff,,,,,,,,,,,,High Noon,,Scarlett Letter,,Titos,Topo Chico Seltzer,Truly,,,Burger King,,,,Cracker Barrel,,,,,,,,,,,,,,,,,,,,,,,,,Domino's,,,,,,Mcdonald's,,,,,,,,,,,,,,,,,,,,,,,,,,Papa John's,Popeyes,,,,,,,,,,,,,Hershey,,,,,,Nestle,,,,,,,General Mills,,,Kellogg,,,,,,,,,,,,,Impossible Burger,,,,,,,,Tyson,1,1,1,1,1,1,1,1,1,1,1,1,1,1,1,4,5,5,5,5,5,5,5,4,2,5,1,,5,5,5,2,5,5,5,2,5,5,,4,4,,5,4,,,,,,,7,4,6,6,7,No,,Black or African American,,,,,,Bachelor’s degree,"Less than $25,000",72034,55-64 years old,Female,,Democrat,,4,4,3,4,5,5,3,5,5,1030
1/23/2024 12:17,1/23/2024 12:25,IP Address,100,444,TRUE,1/23/2024 12:25,R_1uEcAKfiPZqvr1V,anonymous,EN,I agree to participate in this research study,Arkansas,I understand,"Yes, I am above 21.",Angry Orchard,,,,,Crown Royal,,,,,,,,Truly,,,,,,,,Delta Dirt,,,Scarlett Letter,,Titos,Topo Chico Seltzer,,White Claw,,Bacardi,Budweiser,Coors Light,Corona,,,High Noon,Lost Forty Brewing,,Smirnoff,,,,,,Burger King,,,,Cracker Barrel,,Firehouse Subs,,,Jimmy John's,KFC,Mcdonald's,,,,,,,Subway,,Taco Bell,,,,,,Chick-fil-A,,,Domino's,,Five Guys Burgers and Fries,,,,,,Papa John's,,Raising Cane's Chicken Fingers,Sonic Drive-In,Starbucks,,Sweetgreen,,Waffle House,,Arsaga's,,CAVA,,Chipotle,,,,,Hugo's,,,,Panera Bread,,Popeyes,,,,,,,,Wright's BBQ,Ben & Jerry's,Coca-Cola,Campbell,General Mills,Hershey,,Kellogg,Kraft,,,Nestle,,,,,,,,,,,,Loblolly Creamery,My Brother's Salsa,,,Pepsico,Tyson,,,,,,Impossible Burger,,,,,,Onyx Coffee,,,1,1,1,1,1,1,1,1,1,1,1,1,1,1,1,4,5,5,5,5,1,5,5,3,,5,1,5,5,5,,,5,,5,5,,5,4,,,,,,,,,,,,5,6,6,5,5,No,White or Caucasian,,,,,,,Bachelor’s degree,"$100,000-$149,999",72712,65+ years old,Male,,Republican,,6,2,4,4,4,2,2,4,5,444
1/23/2024 12:29,1/23/2024 12:34,IP Address,100,324,TRUE,1/23/2024 12:34,R_5hTEwkx8RaGnTfr,anonymous,EN,I agree to participate in this research study,Arkansas,I understand,"Yes, I am above 21.",,Bacardi,,Coors Light,,Crown Royal,Delta Dirt,High Noon,Lost Forty Brewing,,,,,,,,,,,Corona,,,,,,,Titos,,Truly,White Claw,,,,,,,,,,Scarlett Letter,Smirnoff,,Topo Chico Seltzer,,,Arsaga's,,,Chick-fil-A,Chipotle,Cracker Barrel,Domino's,Firehouse Subs,Five Guys Burgers and Fries,,Jimmy John's,,,,,,,,,,,,,,,,,,,,,,,Hugo's,,KFC,Mcdonald's,Panera Bread,,,,Sonic Drive-In,Starbucks,Subway,,,,Wright's BBQ,,,,,,,,,,,,,,,Papa John's,Popeyes,Raising Cane's Chicken Fingers,,,,Sweetgreen,Taco Bell,Waffle House,,,Coca-Cola,Campbell,General Mills,Hershey,Impossible Burger,,,,,,,,,Ben & Jerry's,,,,,,Kellogg,,,,,,,Tyson,,,,,,,,Kraft,Loblolly Creamery,My Brother's Salsa,Nestle,Onyx Coffee,Pepsico,,5,5,5,5,5,5,5,5,5,5,5,5,5,5,5,5,5,5,5,5,5,5,5,5,5,5,5,5,5,5,5,5,5,5,5,5,5,5,5,5,5,5,5,5,5,5,5,5,5,5,7,7,7,7,7,No,White or Caucasian,,,,,,,"Graduate or professional degree (MA, MS, MBA, PhD, JD, MD, DDS etc.)","$100,000-$149,999",72211,35-44 years old,Male,,Democrat,,7,5,5,5,5,5,4,3,4,324
1/23/2024 12:27,1/23/2024 12:43,IP Address,100,971,TRUE,1/23/2024 12:43,R_1VaP3qi0yY8qUDc,anonymous,EN,I agree to participate in this research study,Arkansas,I understand,"Yes, I am above 21.",Angry Orchard,,,,,,,,,Scarlett Letter,,,,,,,,,,,,Delta Dirt,,Lost Forty Brewing,,,,,,,,,,,,,,High Noon,,,,,Topo Chico Seltzer,Truly,White Claw,Arsaga's,,,,,,,,,,,,,Panera Bread,,,,,,,Sweetgreen,,,,,Burger King,,Chick-fil-A,,,,,,,,,Mcdonald's,,,,,,,,,,,,,,,,,Cracker Barrel,,,,,,,,,,,,,,,,,Waffle House,,Ben & Jerry's,,,,,,,,Loblolly Creamery,,,,,,,,,General Mills,Hershey,,Kellogg,,,,Nestle,,,,,Coca-Cola,,,,,,,,,,,Pepsico,,4,2,2,2,2,2,4,2,5,4,2,4,4,,2,5,2,2,4,2,4,1,,,2,4,2,2,1,2,1,4,2,4,4,4,,3,2,,2,2,5,,1,2,4,,4,2,5,7,5,7,6,No,White or Caucasian,,,,,,,Bachelor’s degree,"$50,000-$74,999",72401,25-34 years old,Non-binary / third gender,,No preference,,1,1,1,1,4,5,5,1,1,971
1/23/2024 12:26,1/23/2024 12:44,IP Address,100,1049,TRUE,1/23/2024 12:44,R_7d0Tsp5KEj44fq8,anonymous,EN,I agree to participate in this research study,Arkansas,I understand,"Yes, I am above 21.",,,Budweiser,Coors Light,,,,,,,Smirnoff,,,,,Angry Orchard,Bacardi,,,Corona,Crown Royal,,,,,,,,,,,,,,,,Delta Dirt,High Noon,Lost Forty Brewing,Scarlett Letter,,Titos,Topo Chico Seltzer,Truly,White Claw,Arsaga's,,,Chick-fil-A,,Cracker Barrel,Domino's,Firehouse Subs,,,Jimmy John's,KFC,Mcdonald's,,,,,Sonic Drive-In,,Subway,,Taco Bell,Waffle House,,,Burger King,,,Chipotle,,,,Five Guys Burgers and Fries,Hugo's,,,,Panera Bread,Papa John's,Popeyes,,,Starbucks,,,,,,,,CAVA,,,,,,,,,,,,,,Raising Cane's Chicken Fingers,,,,Sweetgreen,,,Wright's BBQ,,Coca-Cola,Campbell,General Mills,Hershey,,Kellogg,Kraft,,,Nestle,,Pepsico,Tyson,Ben & Jerry's,,,,,,,,,My Brother's Salsa,,,,,,,,,,Impossible Burger,,,Loblolly Creamery,,,Onyx Coffee,,,,2,2,2,2,2,5,5,5,5,1,5,5,5,5,,,,2,2,5,,,5,5,,5,3,1,,1,,1,1,1,3,,,2,4,4,4,5,1,,,5,2,1,5,7,7,7,7,7,No,White or Caucasian,,,,,,,Associates or technical degree,"$100,000-$149,999",72110,35-44 years old,Female,,Republican,,7,1,5,5,5,2,1,5,5,1049
1/23/2024 13:05,1/23/2024 13:15,IP Address,100,577,TRUE,1/23/2024 13:15,R_7oGZI5Yv5xl8nuh,anonymous,EN,I agree to participate in this research study,Arkansas,I understand,"Yes, I am above 21.",,,,,,Crown Royal,,,Lost Forty Brewing,,,,,,,,,Budweiser,,Corona,,,,,,,,,,,,Bacardi,,Coors Light,,,,,,,,,,,,,,,,,Cracker Barrel,,,,,,,,,,,,,Starbucks,Subway,,,Waffle House,,,,,,,,,,Five Guys Burgers and Fries,,Jimmy John's,,,,,,,,,,,,,,,,,,,,,,,,,,Mcdonald's,,,,Raising Cane's Chicken Fingers,,,,,,,,,Coca-Cola,,,,,,,,,,,Pepsico,,,,,,,,,,,,Nestle,Onyx Coffee,,,Ben & Jerry's,,,,,,,,Loblolly Creamery,,,,,,1,2,3,2,2,4,1,1,4,1,4,1,1,1,1,,,,,,,,,,,,,,,4,1,1,4,1,1,1,2,2,2,2,,,,,,,,,,,6,6,6,4,5,No,White or Caucasian,,,,,,,"Graduate or professional degree (MA, MS, MBA, PhD, JD, MD, DDS etc.)","$50,000-$74,999",72086,65+ years old,Female,,Democrat,,1,5,5,5,5,5,5,1,1,577
1/23/2024 13:43,1/23/2024 13:53,IP Address,100,617,TRUE,1/23/2024 13:53,R_3GqcnCQXxTZuyGe,anonymous,EN,I agree to participate in this research study,Arkansas,I understand,"Yes, I am above 21.",,Bacardi,,,,Crown Royal,,,,,Smirnoff,,,,,,,Budweiser,Coors Light,Corona,,,,,,,,,,,,,,,,,,,,Scarlett Letter,,,,,White Claw,,Burger King,,Chick-fil-A,,,,,Five Guys Burgers and Fries,,,,Mcdonald's,,,,,Sonic Drive-In,,,,,,,,,,,,,,,,,,KFC,,,,Popeyes,Raising Cane's Chicken Fingers,,,,,,,,,,,,,,Domino's,,,,,,,,Papa John's,,,,,,,,,,,,Campbell,General Mills,,,Kellogg,Kraft,,,Nestle,,,,,Coca-Cola,,,,,,,,,,,Pepsico,,Ben & Jerry's,,,,Hershey,,,,,,,,,,1,2,2,2,2,1,1,1,1,1,2,1,2,1,1,5,4,5,5,5,3,5,5,3,3,5,3,5,5,4,5,4,5,4,2,3,2,4,5,2,3,5,3,5,3,2,2,4,5,3,4,6,6,5,4,No,White or Caucasian,,,,,,,"Some college, but no degree","$25,000-$49,999",72562,65+ years old,Female,,Republican,,5,2,2,3,3,2,2,3,3,617
1/23/2024 13:59,1/23/2024 14:13,IP Address,100,892,TRUE,1/23/2024 14:13,R_7KqemofHmIymew5,anonymous,EN,I agree to participate in this research study,Arkansas,I understand,"Yes, I am above 21.",,,Budweiser,Coors Light,Corona,,,High Noon,Lost Forty Brewing,,,,,,,,Bacardi,,,,Crown Royal,,,,Scarlett Letter,Smirnoff,Titos,,,,Angry Orchard,,,,,,Delta Dirt,,,,,,Topo Chico Seltzer,Truly,White Claw,,Burger King,,,Chipotle,,,Firehouse Subs,Five Guys Burgers and Fries,,Jimmy John's,,Mcdonald's,,,Popeyes,,Sonic Drive-In,Starbucks,Subway,,Taco Bell,,Wright's BBQ,Arsaga's,,CAVA,Chick-fil-A,,Cracker Barrel,Domino's,,,Hugo's,,KFC,,,Papa John's,,Raising Cane's Chicken Fingers,,,,,,,,,,,,,,,,,,,,,Panera Bread,,,,,,,Sweetgreen,,Waffle House,,Ben & Jerry's,,,,,,,,Loblolly Creamery,,,,,,,Coca-Cola,,,,,,,,,,Onyx Coffee,Pepsico,,,,Campbell,General Mills,Hershey,Impossible Burger,Kellogg,Kraft,,My Brother's Salsa,Nestle,,,Tyson,2,1,1,1,1,1,1,1,1,1,2,2,1,2,2,4,4,5,5,2,3,5,5,3,3,5,3,5,5,3,3,3,3,3,3,3,3,3,3,3,3,3,3,3,3,3,3,,3,3,6,7,6,6,7,No,White or Caucasian,,,,,,,High school diploma or GED,"Less than $25,000",71913,65+ years old,Female,,Independent,,4,3,2,3,3,5,5,1,1,892
1/23/2024 15:12,1/23/2024 15:21,IP Address,100,529,TRUE,1/23/2024 15:21,R_1aQONzinKuwspJG,anonymous,EN,I agree to participate in this research study,Arkansas,I understand,"Yes, I am above 21.",,,Budweiser,Coors Light,,,,,,,,,,,,,,,,Corona,,,,,,Smirnoff,,,,,Angry Orchard,Bacardi,,,,,,,,,,,,,,,,,Chick-fil-A,,,,,Five Guys Burgers and Fries,,,,,,,,,,,,,,,,,Burger King,,,,,,,,,,,Mcdonald's,,,,,,,,,,,,,,,,,Cracker Barrel,,,,,Jimmy John's,,,,,,,,,,,,,,,Coca-Cola,,,,Impossible Burger,,,,,,,,,,,,,,,,Kraft,,My Brother's Salsa,,,,,Ben & Jerry's,,,,,,,,,,Nestle,,,,3,3,4,4,4,3,3,3,3,,4,3,,3,3,3,5,5,5,5,,3,3,3,3,5,3,3,3,3,5,3,5,3,3,5,5,3,3,3,3,4,5,3,3,4,3,4,3,3,4,5,4,4,4,No,White or Caucasian,,,,,,,"Some college, but no degree","$75,000-$99,999",72843,45-54 years old,Female,,Republican,,3,2,4,3,3,1,1,2,1,529
1/23/2024 15:36,1/23/2024 15:46,IP Address,100,584,TRUE,1/23/2024 15:46,R_3kptTBGcjq55A9r,anonymous,EN,I agree to participate in this research study,Arkansas,I understand,"Yes, I am above 21.",,,Budweiser,Coors Light,,,,,,,,,,,,,,,,,,,,,,Smirnoff,,,,White Claw,,Bacardi,,,,Crown Royal,,,,,,,,,,,Burger King,,,,,,,,,,,Mcdonald's,,,,,,,,,,,,,,,Chick-fil-A,,,,,,,,KFC,,,,,,,,,,,,,,,,,,,,Firehouse Subs,,,,,,,,,,,,Subway,,,,,,,,,,,Kellogg,,,,Nestle,,,,,,Campbell,,,,,,,,,,,Tyson,,Coca-Cola,,,,,,,,,,Onyx Coffee,,,1,,5,,5,5,1,1,1,1,5,1,1,1,,1,5,5,1,5,5,1,1,1,,5,1,1,5,5,5,1,5,5,5,1,1,,5,1,3,5,5,5,5,5,1,5,1,1,5,3,3,3,5,No,White or Caucasian,,,,,,,"Some college, but no degree","$25,000-$49,999",72701,18-24 years old,Female,,Independent,,4,2,1,2,1,3,3,1,1,584
1/23/2024 15:40,1/23/2024 15:46,IP Address,100,371,TRUE,1/23/2024 15:47,R_6lxoKTQcS5hG5CC,anonymous,EN,I agree to participate in this research study,Arkansas,I understand,"Yes, I am above 21.",Angry Orchard,Bacardi,Budweiser,Coors Light,Corona,Crown Royal,Delta Dirt,,,,,,,,,,,,,,,,High Noon,,Scarlett Letter,,,Topo Chico Seltzer,,,,,,,,,,,Lost Forty Brewing,,Smirnoff,Titos,,Truly,White Claw,,,,,,,Domino's,Firehouse Subs,,,,,,,,,,,,,,,,,,,,,,Cracker Barrel,,,,,,,,Panera Bread,,,,,,,,,,,,,,,,,,,,,,,,,Papa John's,Popeyes,,,,,,,,,,Coca-Cola,,,Hershey,,,,,,,,,,Ben & Jerry's,,,,,,,Kraft,,,,,,,,,Campbell,,,,,,,,,,,Tyson,5,1,5,5,1,1,5,5,5,5,1,5,5,5,1,5,1,5,5,1,5,5,1,5,5,5,5,5,5,2,4,5,5,5,5,1,1,1,2,5,5,5,2,5,2,5,1,5,5,2,7,7,7,7,7,No,White or Caucasian,,,,,,,High school diploma or GED,"Less than $25,000",72834,55-64 years old,Female,,Republican,,5,3,3,3,3,1,5,1,1,371
1/23/2024 16:28,1/23/2024 16:41,IP Address,100,755,TRUE,1/23/2024 16:41,R_1kwgtEBkorWtTFK,anonymous,EN,I agree to participate in this research study,Arkansas,I understand,"Yes, I am above 21.",,,Budweiser,Coors Light,,,,,,,,,,,,Angry Orchard,,,,,,,,,,Smirnoff,,,,,,,,,Corona,Crown Royal,,,,,,,,,,,Burger King,,Chick-fil-A,,,,,,,,,Mcdonald's,,,,,,,,,Taco Bell,,,,,,,,,Domino's,,,,,,,,Papa John's,,,,,,,,,,,,,,,Cracker Barrel,,,,,,,,,,,Raising Cane's Chicken Fingers,,,,,,Waffle House,,,Coca-Cola,,,,,,,,,,Onyx Coffee,Pepsico,,,,Campbell,,,,,Kraft,,,,,,,Ben & Jerry's,,,,,,,,Loblolly Creamery,,,,,,1,1,1,1,1,1,1,1,1,1,1,1,1,1,1,2,1,5,5,5,1,5,5,1,1,5,1,5,5,5,5,1,4,4,1,1,1,,4,1,1,4,5,5,1,1,1,4,4,1,7,7,3,1,5,No,White or Caucasian,,,,,,,"Some college, but no degree","$50,000-$74,999",72104,55-64 years old,Female,,Republican,,7,2,3,3,2,1,1,5,5,755
1/23/2024 16:59,1/23/2024 17:08,IP Address,100,507,TRUE,1/23/2024 17:08,R_3eKuWxlRPhnGHBQ,anonymous,EN,I agree to participate in this research study,Arkansas,I understand,"Yes, I am above 21.",Angry Orchard,,,,,,,,,,,,Topo Chico Seltzer,,White Claw,,,Budweiser,Coors Light,Corona,,,,Lost Forty Brewing,,,,,,,,Bacardi,,,,Crown Royal,,,,,Smirnoff,Titos,,,,,Burger King,,,,,,,Five Guys Burgers and Fries,,,,Mcdonald's,,,,,,,,,,,,,,,Chick-fil-A,,,,,,,,KFC,,,,Popeyes,Raising Cane's Chicken Fingers,,,,,,,,,,,,,,,Firehouse Subs,,,Jimmy John's,,,,,,,,,Subway,,,,,,Coca-Cola,,,,,,,,,,,Pepsico,,Ben & Jerry's,,,,,,,,Loblolly Creamery,,,,,,,,,General Mills,,,Kellogg,,,,,,,,1,1,1,1,1,1,1,1,1,1,1,1,1,1,1,4,1,4,4,3,3,4,4,4,2,3,2,1,4,2,4,2,3,2,3,3,4,4,2,3,2,3,3,4,4,4,2,3,3,2,7,7,7,6,7,No,White or Caucasian,,,,,,,High school diploma or GED,"$75,000-$99,999",72802,35-44 years old,Female,,No preference,,4,2,2,2,3,4,5,3,1,507
1/23/2024 17:30,1/23/2024 17:36,IP Address,100,344,TRUE,1/23/2024 17:36,R_5rc628htfAvVKZ3,anonymous,EN,I agree to participate in this research study,Arkansas,I understand,"Yes, I am above 21.",,Bacardi,Budweiser,Coors Light,Corona,,,,,,,,Topo Chico Seltzer,,,,,,,,,Delta Dirt,High Noon,Lost Forty Brewing,Scarlett Letter,Smirnoff,,,,,Angry Orchard,,,,,Crown Royal,,,,,,Titos,,Truly,White Claw,,Burger King,CAVA,Chick-fil-A,Chipotle,Cracker Barrel,Domino's,Firehouse Subs,Five Guys Burgers and Fries,,,,,,,,,,,,Sweetgreen,,,,Arsaga's,,,,,,,,,Hugo's,,,Mcdonald's,Panera Bread,,Popeyes,Raising Cane's Chicken Fingers,Sonic Drive-In,Starbucks,,,,,,,,,,,,,,,,Jimmy John's,KFC,,,Papa John's,,,,,Subway,,Taco Bell,Waffle House,Wright's BBQ,,,Campbell,,Hershey,Impossible Burger,Kellogg,,,,,,,,,,,,,,,,,My Brother's Salsa,Nestle,Onyx Coffee,,Tyson,,Coca-Cola,,General Mills,,,,,Loblolly Creamery,,,,Pepsico,,2,4,1,2,4,2,4,2,4,2,5,2,2,4,2,5,2,5,1,2,4,2,5,2,4,2,4,2,4,2,5,1,4,2,4,2,4,2,4,5,4,2,2,4,1,5,1,5,4,2,5,3,6,2,5,Yes,,Black or African American,,,,,,"Some college, but no degree","Less than $25,000",72366,18-24 years old,Male,,Independent,,6,4,2,3,4,2,3,1,2,344
1/23/2024 17:21,1/23/2024 18:16,IP Address,100,3287,TRUE,1/23/2024 18:16,R_6WSimbFbKoTepcR,anonymous,EN,I agree to participate in this research study,Arkansas,I understand,"Yes, I am above 21.",,,Budweiser,Coors Light,,,,,,,,,,,,,,,,,,Delta Dirt,,,,,,Topo Chico Seltzer,,,,,,,,Crown Royal,,,,,,,,,White Claw,,Burger King,,,,,,,Five Guys Burgers and Fries,,,,,,,,,,,,,,,,,,,Chick-fil-A,,,,,,,,KFC,,,,,,,,,,,,,,,,,,,Domino's,,,,,,,,Papa John's,,,,,,,,,,Ben & Jerry's,,,,,,,,Loblolly Creamery,,,,,,,,,General Mills,,,Kellogg,,,,,,,,,Coca-Cola,,,,,,,,,,,Pepsico,,1,1,3,2,,,,2,2,,2,2,2,2,2,2,2,2,2,2,2,2,2,2,2,2,,2,2,,2,2,2,2,,2,2,2,,2,2,2,2,3,2,,2,2,2,2,3,5,4,5,3,No,,Black or African American,,,,,,Associates or technical degree,Prefer not to say,71603,65+ years old,Male,,Democrat,,6,3,5,3,4,2,4,1,2,3287
1/23/2024 18:42,1/23/2024 18:49,IP Address,100,400,TRUE,1/23/2024 18:49,R_1l3l1bSazYDRJEl,anonymous,EN,I agree to participate in this research study,Arkansas,I understand,"Yes, I am above 21.",,,Budweiser,Coors Light,Corona,,,,,,,,,,,,,,,,Crown Royal,,,,,,Titos,Topo Chico Seltzer,,,,,,,,,,High Noon,,,Smirnoff,,,,White Claw,,Burger King,CAVA,Chick-fil-A,,,,,,,,,,,,,,,,,,,,,,,,,,,,,Five Guys Burgers and Fries,,,,,,,,Raising Cane's Chicken Fingers,Sonic Drive-In,,,,,,,,,,,,,,,,,Jimmy John's,,,Panera Bread,,,,,,Subway,,Taco Bell,,,Ben & Jerry's,,,,,,,,Loblolly Creamery,,Nestle,,,,,Coca-Cola,,,,,,,,,,,Pepsico,,,,,General Mills,,,Kellogg,,,,,,,,1,1,1,1,1,1,1,1,1,1,1,1,1,1,1,3,2,2,3,3,1,3,3,4,,,2,2,4,,5,,4,,,4,2,2,2,3,,,,,2,,,,,,7,6,6,3,3,No,White or Caucasian,,American Indian/Native American or Alaska Native,Asian,,,,"Graduate or professional degree (MA, MS, MBA, PhD, JD, MD, DDS etc.)","$75,000-$99,999",72734,25-34 years old,Female,,Republican,,7,4,4,5,1,1,1,2,5,400
1/23/2024 18:47,1/23/2024 18:56,IP Address,100,550,TRUE,1/23/2024 18:56,R_7D0UCOwb1Fcj0xD,anonymous,EN,I agree to participate in this research study,Arkansas,I understand,"Yes, I am above 21.",,,Budweiser,,,,,,,,Smirnoff,,,,,,Bacardi,,Coors Light,,,,,,,,,,,,,,,,Corona,Crown Royal,,,,,,,,,,,,,Chick-fil-A,Chipotle,,,,,,,,,,,,,,,,,,,,,,,,,Cracker Barrel,Domino's,,,,,,,,,,,,,,,,,,,,,,,,,,,,,,,,,,,,,Subway,,Taco Bell,,,,,,General Mills,,,,,,,,,,Tyson,,Coca-Cola,,,,,,,,,Nestle,,,,,,Campbell,,,,,,,,,,Pepsico,,1,2,2,2,2,2,1,1,1,1,,1,1,1,1,,2,3,4,4,1,,4,1,1,4,1,,4,2,,4,4,4,2,1,2,2,1,2,,1,1,,1,,,2,2,1,5,5,5,3,5,No,White or Caucasian,,,,,,,"Some college, but no degree","$50,000-$74,999",72715,65+ years old,Female,,Independent,,5,3,3,2,2,3,3,2,3,550
1/23/2024 18:58,1/23/2024 19:09,IP Address,100,643,TRUE,1/23/2024 19:09,R_5zDoRzA5cUPreil,anonymous,EN,I agree to participate in this research study,Arkansas,I understand,"Yes, I am above 21.",,,Budweiser,Coors Light,Corona,,,,,,,,,,,,Bacardi,,,,Crown Royal,,,,,Smirnoff,,,,,,,,,,,,,,,,Titos,Topo Chico Seltzer,,,,,,Chick-fil-A,,,,,,,,KFC,,,,Popeyes,Raising Cane's Chicken Fingers,,,,,,,,,Burger King,,,,,,,Five Guys Burgers and Fries,,,,Mcdonald's,,,,,Sonic Drive-In,,,,,,,,,,,,,,Firehouse Subs,,,Jimmy John's,,,,,,,,,Subway,,,,,,,Campbell,,Hershey,,,Kraft,,,,,,,,Coca-Cola,,,,,,,,,,Onyx Coffee,Pepsico,,,,,General Mills,,,Kellogg,,,,,,,,1,1,1,1,1,1,1,1,1,1,1,1,1,1,1,1,1,3,1,2,1,1,1,1,4,3,1,1,3,1,5,1,1,1,4,1,3,3,1,1,1,1,4,1,1,1,1,1,4,3,6,6,6,6,6,No,White or Caucasian,,,,,,,"Graduate or professional degree (MA, MS, MBA, PhD, JD, MD, DDS etc.)","$50,000-$74,999",71854,65+ years old,Female,,Republican,,7,5,4,5,5,1,1,2,5,643
1/23/2024 19:00,1/23/2024 19:13,IP Address,100,771,TRUE,1/23/2024 19:13,R_6D6ocBNETm9GpE4,anonymous,EN,I agree to participate in this research study,Arkansas,I understand,"Yes, I am above 21.",,,Budweiser,Coors Light,Corona,,,,,,,,,,,,Bacardi,,,,Crown Royal,,,,,Smirnoff,,,,,Angry Orchard,,,,,,,,Lost Forty Brewing,,,,,,,,Burger King,,,,,,,,,,,Mcdonald's,,,,,Sonic Drive-In,,,,,,,,,,,,,,,Five Guys Burgers and Fries,Hugo's,,,,,,,,,,Subway,,,,,,,,Chick-fil-A,,,,,,,,,,,,Popeyes,Raising Cane's Chicken Fingers,,,,,,,,,Coca-Cola,,,,,,,,,,Onyx Coffee,Pepsico,,,,,General Mills,,,Kellogg,,,,,,,Tyson,,,,,Hershey,,,Kraft,,,Nestle,,,,4,2,4,4,4,2,1,1,,1,2,2,1,1,1,3,4,4,4,5,1,4,5,2,2,5,,5,5,4,4,3,4,5,,4,3,2,5,3,4,5,5,5,,,1,3,2,3,5,7,3,2,1,No,White or Caucasian,,,,,,,"Graduate or professional degree (MA, MS, MBA, PhD, JD, MD, DDS etc.)","$25,000-$49,999",72764,65+ years old,Male,,Democrat,,3,1,1,1,3,4,4,1,1,771
1/23/2024 19:24,1/23/2024 19:37,IP Address,100,767,TRUE,1/23/2024 19:37,R_3ZAL0r4ZvOGp4eR,anonymous,EN,I agree to participate in this research study,Arkansas,I understand,"Yes, I am above 21.",,,Budweiser,Coors Light,Corona,,,,,,,,,,,,Bacardi,,,,Crown Royal,,,,,,Titos,,,,,,,,,,,,,,,,Topo Chico Seltzer,Truly,White Claw,,Burger King,,Chick-fil-A,Chipotle,,Domino's,,Five Guys Burgers and Fries,,Jimmy John's,KFC,Mcdonald's,Panera Bread,Papa John's,Popeyes,,Sonic Drive-In,,Subway,,Taco Bell,,,,,,,,Cracker Barrel,,,,,,,,,,,,,,,,,Waffle House,,Arsaga's,,CAVA,,,,,,,Hugo's,,,,,,,,,,,Sweetgreen,,,Wright's BBQ,,,,General Mills,,,Kellogg,,,,,,,,,,Campbell,,Hershey,,,Kraft,,,Nestle,,,Tyson,,Coca-Cola,,,,,,,,,,,Pepsico,,4,3,5,3,5,1,1,1,1,1,3,5,1,1,1,5,4,5,5,5,1,5,5,2,2,5,2,4,3,4,5,5,5,4,3,4,3,4,4,4,4,4,4,5,3,5,3,4,5,3,7,7,7,7,7,No,White or Caucasian,,,,,,,High school diploma or GED,"$25,000-$49,999",72583,25-34 years old,Female,,Democrat,,6,2,1,2,3,3,5,1,2,767
1/23/2024 19:20,1/23/2024 19:40,IP Address,100,1196,TRUE,1/23/2024 19:40,R_1VR3uqgJa7dcUHQ,anonymous,EN,I agree to participate in this research study,Arkansas,I understand,"Yes, I am above 21.",Angry Orchard,,Budweiser,Coors Light,Corona,,,,Lost Forty Brewing,,,,,,,,Bacardi,,,,Crown Royal,Delta Dirt,,,,Smirnoff,,,,White Claw,,,,,,,,High Noon,,Scarlett Letter,,Titos,Topo Chico Seltzer,Truly,,,Burger King,,,,,,,,,,,Mcdonald's,,,,,,,,,Taco Bell,,,,,,,,,,Firehouse Subs,,,Jimmy John's,,,,,,,,,Subway,,,,,,,,,,Cracker Barrel,,,,,,,,,,,,,,,,,Waffle House,,,,,General Mills,,,Kellogg,,,,,,,,,Coca-Cola,,,,,,,,,,,Pepsico,,,,,,Hershey,,,,,,Nestle,,,,,4,,4,4,4,,,,,4,,,,3,,,4,,5,,,4,,,5,,,4,4,,5,4,5,,4,,5,,5,,,,4,4,,,,,,5,4,5,3,4,No,White or Caucasian,,,,,,,High school diploma or GED,"$25,000-$49,999",72712,65+ years old,Female,,Independent,,6,4,4,2,3,5,5,1,1,1196
1/23/2024 19:34,1/23/2024 19:45,IP Address,100,614,TRUE,1/23/2024 19:45,R_3rGaa2xLFfldS3D,anonymous,EN,I agree to participate in this research study,Arkansas,I understand,"Yes, I am above 21.",,,Budweiser,Coors Light,,,,,,,,,,,,,,,,,Crown Royal,,,,,Smirnoff,,,,,Angry Orchard,,,,Corona,,,,,,,,,,,,Burger King,,Chick-fil-A,,,,,,,,,,,,,,,,,,,,,,,,,,,Domino's,Firehouse Subs,,,,,,,,,,,,,,,,,,,,,,,,,,,,,,,,,,Sonic Drive-In,,Subway,,,,,,Coca-Cola,Campbell,,,,,,,,,,,,,,,General Mills,Hershey,,,,,,,,,,,,,,,,Kellogg,Kraft,,,,,,,1,2,4,3,,5,1,4,,2,,2,2,1,1,,5,,4,5,1,5,4,1,1,5,1,5,4,,5,2,2,2,5,5,2,4,1,2,2,,5,4,1,4,1,4,4,4,6,7,5,3,6,No,White or Caucasian,,,,,,,High school diploma or GED,"$50,000-$74,999",72908,55-64 years old,Male,,No preference,,4,5,3,3,5,2,2,3,2,614
1/23/2024 20:30,1/23/2024 20:34,IP Address,100,279,TRUE,1/23/2024 20:34,R_5IHv2mDmk2r1Gcm,anonymous,EN,I agree to participate in this research study,Arkansas,I understand,"Yes, I am above 21.",Angry Orchard,,Budweiser,Coors Light,Corona,,,,Lost Forty Brewing,Scarlett Letter,,,,,,,Bacardi,,,,Crown Royal,,,,,,Titos,,,,,,,,,,,High Noon,,,,,Topo Chico Seltzer,Truly,White Claw,,Burger King,,,,,,,,,,KFC,Mcdonald's,,,,,,,,,,,,,,,Chick-fil-A,Chipotle,,,,Five Guys Burgers and Fries,,,,,,,,,,,,,,,,Arsaga's,,,,,,,,,,,,,,,,,,,,,,,Wright's BBQ,Ben & Jerry's,,,,,,,,Loblolly Creamery,,,,,,,,Campbell,,,,,Kraft,,,,,,,,,,General Mills,,,Kellogg,,,,,,,,,,,,,,,,,,,,,,,,,,,,,,,,,,,,,,,,,,,,,,,,,,,,,,,,,,6,6,6,6,6,No,White or Caucasian,,,,,,,"Some college, but no degree","$50,000-$74,999",72774,25-34 years old,Female,,Independent,,3,1,1,1,4,5,5,1,1,279
1/23/2024 20:39,1/23/2024 20:50,IP Address,100,630,TRUE,1/23/2024 20:50,R_3FKGfL2f8ARN8Mz,anonymous,EN,I agree to participate in this research study,Arkansas,I understand,"Yes, I am above 21.",,,Budweiser,Coors Light,,,,,,,,,,,,,Bacardi,,,,Crown Royal,,,,,,,,,,,,,,Corona,,,,,,Smirnoff,,,,,,,,Chick-fil-A,,Cracker Barrel,,,,,,,,,,,,,,,,,,,,Burger King,,,,,,,,,,,Mcdonald's,,,,,,,,,,,,,,,,Chipotle,,,,,,,,,,,,,,,,,Taco Bell,,,,,,,Hershey,,,,,,Nestle,,,,,Coca-Cola,,,,,,,,,,,,Tyson,,,Campbell,General Mills,,,,,,,,,,,1,1,1,1,1,1,1,1,1,1,1,1,1,1,1,2,5,4,5,5,1,4,3,1,1,5,1,4,2,5,5,3,4,2,1,1,1,5,3,2,1,4,1,3,1,,1,2,4,1,3,5,4,1,5,No,,Black or African American,,,,,,High school diploma or GED,Prefer not to say,71854,55-64 years old,Female,,Democrat,,3,2,2,4,2,3,1,3,5,630
1/23/2024 20:41,1/23/2024 20:55,IP Address,100,842,TRUE,1/23/2024 20:55,R_6tJAGp1GrhNAYF3,anonymous,EN,I agree to participate in this research study,Arkansas,I understand,"Yes, I am above 21.",,Bacardi,,,,,,,,,Smirnoff,Titos,,,,,,Budweiser,Coors Light,Corona,,,,,,,,,,,,,,,,,,,,,,,Topo Chico Seltzer,Truly,White Claw,,,,,,,,Firehouse Subs,,,Jimmy John's,,,,,,,,,Subway,,,,,,Burger King,,,,,,,Five Guys Burgers and Fries,,,,,,,,,,,,,,,,,,,,,,Domino's,,,,,,,,Papa John's,,,,,,,,,,,Coca-Cola,,,,,,,,,,Onyx Coffee,Pepsico,,Ben & Jerry's,,,,,,,,Loblolly Creamery,,,,,,,,,General Mills,,,Kellogg,,,,,,,,1,,,2,4,4,2,2,2,2,,4,2,2,2,4,4,4,4,3,3,4,4,3,3,3,,2,3,1,3,4,4,4,2,4,2,3,1,3,4,4,3,4,2,4,2,2,5,,7,7,7,7,7,No,White or Caucasian,,,,,,,Bachelor’s degree,"$25,000-$49,999",72419,45-54 years old,Female,,Independent,,3,1,1,4,4,5,5,4,1,842
1/23/2024 20:58,1/23/2024 21:13,IP Address,100,909,TRUE,1/23/2024 21:13,R_6dl7KXpxNGdc7qF,anonymous,EN,I agree to participate in this research study,Arkansas,I understand,"Yes, I am above 21.",,,Budweiser,Coors Light,Corona,,,,Lost Forty Brewing,,,,,,,,,,,,,,,,,,,Topo Chico Seltzer,Truly,White Claw,,Bacardi,,,,Crown Royal,,,,,Smirnoff,Titos,,,,,Burger King,,,,,,,,,,KFC,Mcdonald's,,,,,,,,,,,,,,CAVA,,Chipotle,,,,,,,,,Panera Bread,,,,,,,,,,,,,,,,Cracker Barrel,,,,,,,,,,,,,,,,,,Wright's BBQ,,Coca-Cola,,,,,,,,,,,Pepsico,,Ben & Jerry's,,,,,,,,Loblolly Creamery,,,,,,,,Campbell,General Mills,,,,,,,,,,,4,3,4,3,3,4,3,3,3,3,4,,,,3,3,4,3,3,3,2,3,,4,,,,,2,3,4,3,3,3,3,4,3,3,3,3,3,3,3,3,2,2,3,3,,4,6,4,3,3,3,No,White or Caucasian,,,,,,,Bachelor’s degree,"$100,000-$149,999",72120,35-44 years old,Female,,Democrat,,3,2,2,1,3,4,5,1,1,909
1/23/2024 21:38,1/23/2024 21:45,IP Address,100,445,TRUE,1/23/2024 21:45,R_3usMNZdf9IEbxIM,anonymous,EN,I agree to participate in this research study,Arkansas,I understand,"Yes, I am above 21.",,,,,,,,High Noon,,,Smirnoff,,,Truly,White Claw,Angry Orchard,,,,Corona,,,,,,,,,,,,,,Coors Light,,,,,,,,Titos,,,,Arsaga's,,,,,Cracker Barrel,,,,,,,,,,,,,,,,,,,,,,,,,,,Five Guys Burgers and Fries,Hugo's,,,,,,,,,,,,,,,,,,,,,,,,,,,,,,Popeyes,Raising Cane's Chicken Fingers,,,,,,,,,,,General Mills,,,Kellogg,,,,,,,,Ben & Jerry's,,,,,,,,Loblolly Creamery,,,,,,,,,,Hershey,,,,,,Nestle,,,,,4,3,2,4,4,3,5,3,3,5,3,,5,5,3,5,,,,,,,4,3,3,5,3,4,3,4,,,3,4,3,,,3,4,,3,3,,4,4,3,3,3,4,5,6,5,7,7,No,White or Caucasian,,,,,,,Bachelor’s degree,"$75,000-$99,999",72113,25-34 years old,Female,,Democrat,,1,1,1,1,1,5,5,1,1,445
1/23/2024 22:24,1/23/2024 22:40,IP Address,100,973,TRUE,1/23/2024 22:40,R_3uxDYM0dM7l3or2,anonymous,EN,I agree to participate in this research study,Arkansas,I understand,"Yes, I am above 21.",Angry Orchard,,,,,,Delta Dirt,High Noon,,Scarlett Letter,,Titos,Topo Chico Seltzer,Truly,White Claw,,,Budweiser,Coors Light,Corona,,,,Lost Forty Brewing,,,,,,,,Bacardi,,,,Crown Royal,,,,,Smirnoff,,,,,,Burger King,,Chick-fil-A,,,,Firehouse Subs,Five Guys Burgers and Fries,,Jimmy John's,,Mcdonald's,,,,,Sonic Drive-In,Starbucks,Subway,,Taco Bell,,,,,,,Chipotle,Cracker Barrel,Domino's,,,,,KFC,,Panera Bread,Papa John's,Popeyes,Raising Cane's Chicken Fingers,,,,,,Waffle House,Wright's BBQ,Arsaga's,,CAVA,,,,,,,Hugo's,,,,,,,,,,,Sweetgreen,,,,Ben & Jerry's,,,,Hershey,,,,Loblolly Creamery,,Nestle,,,,,Coca-Cola,,,,,,,,,,Onyx Coffee,Pepsico,,,,Campbell,General Mills,,Impossible Burger,Kellogg,Kraft,,My Brother's Salsa,,,,Tyson,1,1,2,2,2,2,4,1,2,1,2,2,1,1,1,5,5,5,5,5,4,5,5,,4,5,2,3,5,5,5,3,5,3,4,5,4,5,5,,3,5,3,4,3,5,2,5,5,5,6,6,4,5,4,No,White or Caucasian,,,,,,,"Some college, but no degree","$50,000-$74,999",72210,65+ years old,Female,,Independent,,5,3,4,4,2,5,5,1,1,973
1/23/2024 22:42,1/23/2024 22:51,IP Address,100,539,TRUE,1/23/2024 22:51,R_1n6ZxMTdQyr63Kd,anonymous,EN,I agree to participate in this research study,Arkansas,I understand,"Yes, I am above 21.",,,Budweiser,Coors Light,,Crown Royal,,,Lost Forty Brewing,,,,Topo Chico Seltzer,,,,Bacardi,,,Corona,,Delta Dirt,,,,Smirnoff,Titos,,Truly,,Angry Orchard,,,,,,,High Noon,,Scarlett Letter,,,,,White Claw,,Burger King,,,,Cracker Barrel,,,Five Guys Burgers and Fries,,,,Mcdonald's,,,,,,,,,,,,,,,,,,,,,,,KFC,,,,Popeyes,,Sonic Drive-In,,,,Taco Bell,,,,,,Chick-fil-A,,,,,,,,,,,Papa John's,,Raising Cane's Chicken Fingers,,,,,,Waffle House,Wright's BBQ,,Coca-Cola,,,,,,,,,Nestle,,Pepsico,,,,,,Hershey,,Kellogg,,Loblolly Creamery,,,Onyx Coffee,,,,,Campbell,General Mills,,Impossible Burger,,,,My Brother's Salsa,,,,,2,3,2,2,2,1,2,2,2,2,4,5,1,5,2,2,5,2,2,5,5,5,2,2,2,5,2,5,5,5,5,5,5,3,2,5,4,5,5,2,2,5,5,5,5,5,2,5,5,5,3,3,3,5,5,No,,Black or African American,,,,,,High school diploma or GED,"$25,000-$49,999",72401,35-44 years old,Male,,Independent,,5,5,5,5,5,4,1,5,5,539
1/23/2024 22:51,1/23/2024 23:02,IP Address,100,660,TRUE,1/23/2024 23:02,R_5E3ErHzO9WLIoiR,anonymous,EN,I agree to participate in this research study,Arkansas,I understand,"Yes, I am above 21.",,,Budweiser,,Corona,,,,,,,,,,,,,,,,Crown Royal,,,,,Smirnoff,,,,,,,,,,,,,,,,Titos,Topo Chico Seltzer,,,,Burger King,,,,,Domino's,,,,,,,,,,,,,,,,,,,,,,,Cracker Barrel,,,Five Guys Burgers and Fries,,,,,,,,,,,,,,,,,,,,,,,,,,,,,,,,Raising Cane's Chicken Fingers,,,,,Taco Bell,,,Ben & Jerry's,,,,,,,,,,Nestle,,,,,,,General Mills,,,,,,,,,,Tyson,,,,,Hershey,,,,Loblolly Creamery,,,,,,2,1,,4,5,2,1,1,1,1,2,,2,3,1,5,4,4,5,5,1,2,,2,2,4,1,2,,5,3,2,5,2,2,2,1,1,1,4,2,,4,4,1,3,1,1,2,1,7,7,7,3,5,No,White or Caucasian,,,,,,,"Some college, but no degree","Less than $25,000",72141,55-64 years old,Female,,Republican,,6,4,3,2,4,2,2,5,5,660
1/23/2024 23:45,1/23/2024 23:54,IP Address,100,539,TRUE,1/23/2024 23:54,R_5I4bMiYOdmlpKes,anonymous,EN,I agree to participate in this research study,Arkansas,I understand,"Yes, I am above 21.",,Bacardi,,,,Crown Royal,,,,,Smirnoff,Titos,,,,Angry Orchard,,,,,,,,,,,,Topo Chico Seltzer,,White Claw,,,Budweiser,Coors Light,Corona,,,,Lost Forty Brewing,,,,,,,,Burger King,,Chick-fil-A,,,,,Five Guys Burgers and Fries,,Jimmy John's,,,,,,,Sonic Drive-In,,,,,,,,,,,,,,,,Hugo's,,,,,,,,,,,,,,Wright's BBQ,,,,,Chipotle,,,,,,,,,Panera Bread,,,,,,,,,,,,Coca-Cola,,,,,,,,,,,Pepsico,,,,Campbell,General Mills,Hershey,,Kellogg,Kraft,,,Nestle,,,,Ben & Jerry's,,,,,,,,Loblolly Creamery,,,,,,4,3,1,1,2,5,,,5,3,4,1,,,4,5,5,4,4,4,3,,,,5,,,,,4,4,4,4,4,,5,1,2,2,4,4,4,,4,,,,,,,5,5,5,5,5,No,White or Caucasian,,American Indian/Native American or Alaska Native,,,,,"Graduate or professional degree (MA, MS, MBA, PhD, JD, MD, DDS etc.)","$25,000-$49,999",72653,45-54 years old,Female,,Independent,,5,1,1,5,4,3,3,1,1,539
1/24/2024 1:46,1/24/2024 2:02,IP Address,100,951,TRUE,1/24/2024 2:02,R_5kHTWz1enHX8T5b,anonymous,EN,I agree to participate in this research study,Arkansas,I understand,"Yes, I am above 21.",,,Budweiser,Coors Light,Corona,,,,,,,,,,,,Bacardi,,,,Crown Royal,,,,,,,,,,,,,,,,,,,,Smirnoff,,,,White Claw,,Burger King,,,,,,,,,,,Mcdonald's,,,,,,,,,,,,,,,,,,,,,,Jimmy John's,,,,,,,,,Subway,,,,,,,,Chick-fil-A,Chipotle,,,,,,,,,,,,,,,,,,,,,Coca-Cola,,,,,,,,,,,Pepsico,,,,,,Hershey,,,,,,Nestle,,,,,,,General Mills,,,Kellogg,,,,,,,,2,5,5,4,4,5,2,1,1,1,5,1,1,3,2,,4,4,4,5,,4,5,2,2,5,2,3,4,4,2,1,5,5,4,5,4,4,5,4,3,1,1,5,5,5,2,4,4,2,1,6,3,7,2,No,White or Caucasian,,,,,,,"Some college, but no degree","Less than $25,000",72076,35-44 years old,Female,,No preference,,2,3,2,5,3,5,5,2,2,951
1/24/2024 4:32,1/24/2024 4:36,IP Address,100,265,TRUE,1/24/2024 4:37,R_1LUNEI6OMhX838R,anonymous,EN,I agree to participate in this research study,Arkansas,I understand,"Yes, I am above 21.",,,,Coors Light,Corona,,,,,,,,,,,,,,,,Crown Royal,,High Noon,,,,,,,,,Bacardi,,,,,,,,,,,Topo Chico Seltzer,,,,Burger King,,,,,,,Five Guys Burgers and Fries,,,,,,,,,,,,,,,,,,,Chick-fil-A,,Cracker Barrel,,,,,,,,,,,,,,,,,,,,,,,,,,,,,,,,,,,Raising Cane's Chicken Fingers,,,Subway,,,,,,Coca-Cola,Campbell,,,,,,,,,,,,,,,,Hershey,,Kellogg,,,,,,,,,,,,,,,,,,Nestle,,,Tyson,4,5,2,1,4,4,3,4,4,2,2,4,4,4,2,2,5,5,2,5,2,4,4,2,2,4,2,4,4,5,5,2,4,4,4,5,4,5,5,5,5,5,5,5,5,5,2,5,5,4,7,7,7,6,6,No,,Black or African American,,,,,,High school diploma or GED,"$50,000-$74,999",72118,18-24 years old,Female,,Republican,,7,3,3,3,4,5,5,1,2,265
1/24/2024 4:51,1/24/2024 4:58,IP Address,100,409,TRUE,1/24/2024 4:58,R_1fTuM9aVBXbE4zD,anonymous,EN,I agree to participate in this research study,Arkansas,I understand,"Yes, I am above 21.",,,,,,Crown Royal,,,,,,Titos,,,,,,Budweiser,Coors Light,Corona,,,,,,,,,,,,,,,,,,,,,Smirnoff,,Topo Chico Seltzer,,White Claw,,Burger King,,Chick-fil-A,,,,,,,,KFC,Mcdonald's,,,,,,,,,Taco Bell,,,,,,,,Cracker Barrel,,,,,,,,,,,Raising Cane's Chicken Fingers,,,,,,Waffle House,,,,,,Chipotle,,Domino's,,,,,,,,Papa John's,,,Sonic Drive-In,,Subway,,,,,Ben & Jerry's,Coca-Cola,,,Hershey,,,Kraft,,,,,,,,,,General Mills,,,Kellogg,,,,,,,,,,Campbell,,,,,,,,,,,Tyson,1,1,1,1,1,1,1,1,1,1,1,1,1,1,1,5,5,5,5,5,,5,5,,,4,,5,5,5,5,,5,5,,,4,4,5,,5,4,4,5,5,5,,5,5,,5,5,5,5,5,No,White or Caucasian,,,,,,,High school diploma or GED,"$25,000-$49,999",72761,25-34 years old,Female,,No preference,,4,5,3,3,2,2,3,2,4,409
1/24/2024 5:58,1/24/2024 6:09,IP Address,100,691,TRUE,1/24/2024 6:09,R_7AEHGW6KQnXJQB9,anonymous,EN,I agree to participate in this research study,Arkansas,I understand,"Yes, I am above 21.",,Bacardi,,,,,,,,,Smirnoff,,,,White Claw,,,Budweiser,,,Crown Royal,,,,,,,,Truly,,Angry Orchard,,,Coors Light,,,,,,,,,,,,,Burger King,,,,,,,,,,KFC,,,,,,Sonic Drive-In,,,,,,,,,,,,Cracker Barrel,Domino's,,,,,,,,,,,,,,,Taco Bell,,,,,,,,,,,,,,,,,Papa John's,Popeyes,,,,,,,Waffle House,,,Coca-Cola,,,,,,,,,,,Pepsico,,,,,,Hershey,,,Kraft,,,,,,,,,Campbell,General Mills,,,,,,,,,,,1,4,2,2,1,1,1,,,,5,,,5,5,4,4,4,4,4,1,4,4,1,1,5,1,5,4,4,3,2,2,4,4,2,4,4,1,1,2,4,1,5,1,1,1,5,4,1,3,5,5,3,3,No,,Black or African American,,,,,,High school diploma or GED,"Less than $25,000",71901,55-64 years old,Female,,Independent,,4,3,2,2,2,2,3,2,2,691
1/24/2024 6:27,1/24/2024 6:35,IP Address,100,462,TRUE,1/24/2024 6:35,R_7kx9aQK4XDQNwXv,anonymous,EN,I agree to participate in this research study,Arkansas,I understand,"Yes, I am above 21.",,Bacardi,,,,Crown Royal,,High Noon,,Scarlett Letter,Smirnoff,,,,,,,Budweiser,Coors Light,Corona,,Delta Dirt,,Lost Forty Brewing,,,Titos,,,,Angry Orchard,,,,,,,,,,,,Topo Chico Seltzer,Truly,White Claw,,Burger King,,Chick-fil-A,,,Domino's,,,,,KFC,Mcdonald's,,,,,Sonic Drive-In,Starbucks,,,Taco Bell,,,,,,,Chipotle,,,Firehouse Subs,Five Guys Burgers and Fries,,Jimmy John's,,,Panera Bread,Papa John's,Popeyes,Raising Cane's Chicken Fingers,,,Subway,,,,,Arsaga's,,CAVA,,,Cracker Barrel,,,,Hugo's,,,,,,,,,,,Sweetgreen,,Waffle House,Wright's BBQ,,Coca-Cola,,,,,,,,,,,Pepsico,,,,,General Mills,,,,Kraft,,,,,,,,,,,Hershey,,,,,,Nestle,,,,,5,5,5,5,5,3,3,3,3,5,3,3,4,4,5,5,5,5,5,3,5,5,4,5,3,3,5,5,5,5,5,5,5,5,5,5,5,5,5,5,5,5,5,5,5,3,5,5,3,7,7,4,1,4,No,White or Caucasian,,,,,,,"Some college, but no degree","$25,000-$49,999",72114,45-54 years old,Female,,Independent,,4,1,1,1,3,4,3,1,1,462
1/24/2024 6:59,1/24/2024 7:14,IP Address,100,897,TRUE,1/24/2024 7:14,R_7Yhs80ZvUtsbCj7,anonymous,EN,I agree to participate in this research study,Arkansas,I understand,"Yes, I am above 21.",,,Budweiser,Coors Light,Corona,,,High Noon,Lost Forty Brewing,,,,,,,Angry Orchard,Bacardi,,,,,,,,,,,Topo Chico Seltzer,Truly,White Claw,,,,,,Crown Royal,,,,,Smirnoff,,,,,,Burger King,,Chick-fil-A,,,Domino's,,,,Jimmy John's,KFC,Mcdonald's,,Papa John's,Popeyes,,Sonic Drive-In,Starbucks,,,Taco Bell,,,,,,,Chipotle,Cracker Barrel,,Firehouse Subs,Five Guys Burgers and Fries,,,,,,,,,,,Subway,,,Waffle House,Wright's BBQ,,,,,,,,,,,,,,Panera Bread,,,Raising Cane's Chicken Fingers,,,,,,,,Ben & Jerry's,,,,,,,,Loblolly Creamery,,,,,,,,Campbell,General Mills,Hershey,,Kellogg,Kraft,,,Nestle,,,Tyson,,Coca-Cola,,,,,,,,,,,Pepsico,,4,4,1,4,4,4,4,4,4,4,4,4,2,4,4,4,4,4,4,4,3,4,4,4,2,4,3,4,4,4,5,5,5,4,5,4,4,3,3,4,3,4,4,3,1,4,3,3,4,3,6,6,6,4,5,No,White or Caucasian,,,,,,,Bachelor’s degree,"$75,000-$99,999",71913,45-54 years old,Female,,Republican,,6,3,3,2,2,1,1,3,5,897
1/24/2024 8:28,1/24/2024 8:40,IP Address,100,695,TRUE,1/24/2024 8:40,R_19vrHW7mkg67yKh,anonymous,EN,I agree to participate in this research study,Arkansas,I understand,"Yes, I am above 21.",,,Budweiser,Coors Light,Corona,,,High Noon,Lost Forty Brewing,Scarlett Letter,,,,,White Claw,Angry Orchard,Bacardi,,,,Crown Royal,Delta Dirt,,,,Smirnoff,Titos,,,,,,,,,,,,,,,,Topo Chico Seltzer,Truly,,,Burger King,,,Chipotle,,,,,,,,Mcdonald's,,,,,Sonic Drive-In,Starbucks,,,Taco Bell,,,,,,,,,,Firehouse Subs,Five Guys Burgers and Fries,,Jimmy John's,,,Panera Bread,Papa John's,,,,,Subway,Sweetgreen,,,,Arsaga's,,CAVA,Chick-fil-A,,Cracker Barrel,Domino's,,,Hugo's,,KFC,,,,Popeyes,Raising Cane's Chicken Fingers,,,,,,Waffle House,Wright's BBQ,,Coca-Cola,,,,,,,,,,Onyx Coffee,Pepsico,,,,Campbell,General Mills,Hershey,,Kellogg,Kraft,,,Nestle,,,Tyson,Ben & Jerry's,,,,,Impossible Burger,,,Loblolly Creamery,My Brother's Salsa,,,,,5,4,2,2,4,4,2,3,4,2,4,5,5,4,5,2,4,4,5,2,4,4,2,5,5,4,5,2,4,4,5,4,5,5,5,5,5,4,4,5,4,4,5,5,2,4,5,4,5,5,5,5,5,5,5,No,White or Caucasian,,,,,,,"Graduate or professional degree (MA, MS, MBA, PhD, JD, MD, DDS etc.)","$50,000-$74,999",72714,55-64 years old,Female,,Independent,,5,2,2,2,5,4,5,1,1,695
1/24/2024 8:39,1/24/2024 8:56,IP Address,100,1038,TRUE,1/24/2024 8:56,R_6ERusQBFscnoUox,anonymous,EN,I agree to participate in this research study,Arkansas,I understand,"Yes, I am above 21.",,,Budweiser,Coors Light,Corona,,,,,,,,,,,,Bacardi,,,,Crown Royal,,,,,Smirnoff,Titos,,,,Angry Orchard,,,,,,Delta Dirt,High Noon,Lost Forty Brewing,Scarlett Letter,,,Topo Chico Seltzer,Truly,White Claw,,Burger King,,Chick-fil-A,,,,,Five Guys Burgers and Fries,,,KFC,Mcdonald's,,,Popeyes,Raising Cane's Chicken Fingers,Sonic Drive-In,,Subway,,Taco Bell,,,Arsaga's,,,,Chipotle,Cracker Barrel,,Firehouse Subs,,Hugo's,Jimmy John's,,,Panera Bread,,,,,Starbucks,,,,Waffle House,Wright's BBQ,,,,,,,Domino's,,,,,,,,Papa John's,,,,,,,,,,Ben & Jerry's,,,,,,,,Loblolly Creamery,,,,,,,,,General Mills,,,Kellogg,,,,,,,,,,,,,Impossible Burger,,,,,,,,Tyson,3,4,5,1,1,1,1,1,1,1,2,2,2,4,4,2,2,4,4,4,2,4,4,5,4,2,4,3,2,4,5,4,4,2,4,2,4,2,1,5,1,4,4,1,5,1,2,1,4,5,7,5,5,5,2,No,White or Caucasian,,,,,,,Bachelor’s degree,"$100,000-$149,999",72113,65+ years old,Female,,Republican,,5,2,2,2,2,3,3,1,3,1038
1/24/2024 10:02,1/24/2024 10:14,IP Address,100,709,TRUE,1/24/2024 10:14,R_7QE3M0UlGXtYiLe,anonymous,EN,I agree to participate in this research study,Arkansas,I understand,"Yes, I am above 21.",,,Budweiser,Coors Light,Corona,,,,,,,,,Truly,,Angry Orchard,,,,,,,,,,,,Topo Chico Seltzer,,White Claw,,Bacardi,,,,,,,,,Smirnoff,Titos,,,,,,,Chick-fil-A,,,,,,,,KFC,Mcdonald's,,,,,,,,,Taco Bell,,,,,,,,,,Firehouse Subs,,,Jimmy John's,,,,,,,,,Subway,,,,,,,,,Chipotle,,,,,,,,,Panera Bread,,,,,,,,,,,,,Campbell,,,,,Kraft,,,,,,,,,,General Mills,,,Kellogg,,,,,,,,,,,,Hershey,,,,,,Nestle,,,,1,2,5,3,3,5,3,3,1,1,3,3,1,1,1,3,5,3,3,3,1,3,5,1,1,3,1,1,,3,5,5,5,4,,2,3,5,5,3,2,5,2,5,1,5,1,5,3,3,6,4,4,5,4,No,White or Caucasian,,,,,,,Associates or technical degree,"$100,000-$149,999",72058,45-54 years old,Female,,Republican,,5,3,1,1,2,5,1,1,2,709
1/24/2024 11:23,1/24/2024 11:27,IP Address,100,231,TRUE,1/24/2024 11:27,R_70Ms8tt2q5zpIo4,anonymous,EN,I agree to participate in this research study,Arkansas,I understand,"Yes, I am above 21.",,Bacardi,Budweiser,,,,,,,,,,,,,,,,,,,,High Noon,,Scarlett Letter,,,,,,,,,,,,,,,,,,Topo Chico Seltzer,Truly,,,Burger King,,Chick-fil-A,,,,,,,,,,,,,,,,,,,,,,,,,,,Domino's,,,,Jimmy John's,,,,,,,,,,,,,,,,,,,,,,,,,,Mcdonald's,,Papa John's,,,,,,,,,,,Coca-Cola,Campbell,,,,,,,,,,,,,,,,,,,Kraft,,,,,Pepsico,,Ben & Jerry's,,,,,,,,,,,Onyx Coffee,,,,2,5,2,4,2,1,4,5,2,5,1,5,4,2,4,1,5,2,5,5,1,2,4,2,4,1,1,5,5,2,4,2,2,1,5,1,2,1,2,2,5,5,4,1,5,1,4,2,5,2,6,1,7,1,No,,Black or African American,,,,,,Associates or technical degree,"$75,000-$99,999",72204,35-44 years old,Male,,Democrat,,6,3,2,4,2,3,2,5,2,231
1/24/2024 12:01,1/24/2024 12:07,IP Address,100,357,TRUE,1/24/2024 12:07,R_1c5k3eUUelXIj3H,anonymous,EN,I agree to participate in this research study,Arkansas,I understand,"Yes, I am above 21.",Angry Orchard,,Budweiser,Coors Light,Corona,,,,,,,,,,,,Bacardi,,,,Crown Royal,,,,,Smirnoff,Titos,,,,,,,,,,Delta Dirt,High Noon,Lost Forty Brewing,Scarlett Letter,,,Topo Chico Seltzer,Truly,White Claw,Arsaga's,Burger King,CAVA,,Chipotle,Cracker Barrel,Domino's,Firehouse Subs,Five Guys Burgers and Fries,,Jimmy John's,,Mcdonald's,,,,Raising Cane's Chicken Fingers,,,,,,,,,,,Chick-fil-A,,,,,,Hugo's,,KFC,,,,Popeyes,,,,Subway,Sweetgreen,Taco Bell,,,,,,,,,,,,,,,,Panera Bread,Papa John's,,,Sonic Drive-In,Starbucks,,,,Waffle House,Wright's BBQ,,Coca-Cola,,General Mills,Hershey,,,,,,Nestle,Onyx Coffee,Pepsico,,Ben & Jerry's,,Campbell,,,,Kellogg,Kraft,Loblolly Creamery,,,,,Tyson,,,,,,Impossible Burger,,,,My Brother's Salsa,,,,,4,4,2,2,4,,2,2,2,2,4,,2,2,,4,4,,4,4,1,4,4,3,2,4,2,4,4,4,4,3,3,2,4,2,3,1,3,2,4,4,2,3,3,3,2,4,,2,6,5,4,5,2,No,White or Caucasian,,,,,,,High school diploma or GED,"$50,000-$74,999",72956,35-44 years old,Female,,Republican,,6,3,3,3,3,1,2,3,4,357
1/24/2024 12:56,1/24/2024 13:03,IP Address,100,445,TRUE,1/24/2024 13:03,R_3iR0oJKjF6hJL4B,anonymous,EN,I agree to participate in this research study,Arkansas,I understand,"Yes, I am above 21.",,Bacardi,,,,Crown Royal,,,,,Smirnoff,,,,,Angry Orchard,,Budweiser,Coors Light,Corona,,,High Noon,,,,,,,White Claw,,,,,,,Delta Dirt,,Lost Forty Brewing,Scarlett Letter,,Titos,Topo Chico Seltzer,Truly,,,Burger King,,,,Cracker Barrel,,,,,,,Mcdonald's,,,,,Sonic Drive-In,,,,Taco Bell,,Wright's BBQ,,,CAVA,,Chipotle,,Domino's,Firehouse Subs,Five Guys Burgers and Fries,,Jimmy John's,,,Panera Bread,Papa John's,,,,Starbucks,Subway,,,,,Arsaga's,,,Chick-fil-A,,,,,,Hugo's,,KFC,,,,Popeyes,Raising Cane's Chicken Fingers,,,,Sweetgreen,,Waffle House,,,Coca-Cola,,,,,,,,,Nestle,Onyx Coffee,Pepsico,,,,Campbell,General Mills,,Impossible Burger,Kellogg,Kraft,,My Brother's Salsa,,,,,Ben & Jerry's,,,,Hershey,,,,Loblolly Creamery,,,,,Tyson,2,2,1,1,1,1,1,1,2,2,1,1,1,2,2,4,5,4,4,4,3,4,4,2,2,4,3,3,3,4,3,3,4,4,2,3,3,4,4,3,3,2,2,4,2,3,3,4,3,3,5,5,5,5,5,No,White or Caucasian,,,,,,,Bachelor’s degree,"$25,000-$49,999",71836,65+ years old,Male,,Republican,,7,3,3,3,3,1,1,1,5,445
1/24/2024 12:53,1/24/2024 13:04,IP Address,100,605,TRUE,1/24/2024 13:04,R_6QCFreb6Zet7Jnz,anonymous,EN,I agree to participate in this research study,Arkansas,I understand,"Yes, I am above 21.",,Bacardi,Budweiser,Coors Light,Corona,,,,,,Smirnoff,,,Truly,,Angry Orchard,,,,,Crown Royal,,,,,,Titos,Topo Chico Seltzer,,White Claw,,,,,,,Delta Dirt,High Noon,Lost Forty Brewing,Scarlett Letter,,,,,,,,,Chick-fil-A,,,,,,,Jimmy John's,,Mcdonald's,Panera Bread,,,,,,,,,,,,,,,,,,,,Hugo's,,,,,Papa John's,,,,,,,,,,,,,,,,,,,,,,,,,,,,,,Sweetgreen,,,Wright's BBQ,,Coca-Cola,,,Hershey,,,,,,,,,,,,Campbell,,,,,Kraft,,,,,,,,,,,,,,,,My Brother's Salsa,,Onyx Coffee,,,4,,4,5,3,3,2,,3,2,4,4,3,4,5,5,5,4,5,5,3,,3,3,3,5,,,,,,,,,,,,5,3,3,,,,,1,2,,,,,5,2,6,4,6,Yes,White or Caucasian,,,,,,,Bachelor’s degree,"$50,000-$74,999",72791,65+ years old,Female,,Independent,,6,5,5,5,3,3,1,1,2,605
1/24/2024 13:24,1/24/2024 13:39,IP Address,100,935,TRUE,1/24/2024 13:39,R_62u4ls3CCVqWFvr,anonymous,EN,I agree to participate in this research study,Arkansas,I understand,"Yes, I am above 21.",Angry Orchard,,Budweiser,Coors Light,,,,,,,,,,,,,Bacardi,,,,Crown Royal,,,,,,,,,White Claw,,,,,,,,,,Scarlett Letter,Smirnoff,,Topo Chico Seltzer,,,,Burger King,,,,,,,,,,,Mcdonald's,,,,,Sonic Drive-In,,,,,,,,,,,,Cracker Barrel,,,,,Jimmy John's,,,,Papa John's,,,,,,,,,,,,,,,,,,,,,,,,,,,,Starbucks,,,Taco Bell,Waffle House,,,Coca-Cola,Campbell,,,,,,,,,,Pepsico,,,,,General Mills,,,Kellogg,,,,Nestle,,,,Ben & Jerry's,,,,Hershey,,,Kraft,,,,,,,4,2,4,4,4,4,2,2,2,4,4,2,2,,,5,4,4,4,4,2,4,4,2,2,2,2,2,4,4,2,2,2,5,4,2,2,2,4,2,4,4,2,4,2,,,4,5,2,5,3,3,5,5,No,White or Caucasian,,,,,,,"Some college, but no degree","Less than $25,000",72143,45-54 years old,Male,,Democrat,,5,3,3,3,1,3,2,3,4,935
,,,,623.5,10.39166667,,,,,,,,,,,,,,,,,,,,,,,,,,,,,,,,,,,,,,,,,,,,,,,,,,,,,,,,,,,,,,,,,,,,,,,,,,,,,,,,,,,,,,,,,,,,,,,,,,,,,,,,,,,,,,,,,,,,,,,,,,,,,,,,,,,,,,,,,,,,,,,,,,,,,,,,,,,,,,,,,,,,,,,,,,,,,,,,,,,,,,,,,,,,,,,,,,,,,,,,,,,,,,,,,,,,,,,,,,,,,,,,,,,,,,,,,,,,,,,,,,,,,,,,
,,,,311.75,,,,,,,,,,,,,,,,,,,,,,,,,,,,,,,,,,,,,,,,,,,,,,,,,,,,,,,,,,,,,,,,,,,,,,,,,,,,,,,,,,,,,,,,,,,,,,,,,,,,,,,,,,,,,,,,,,,,,,,,,,,,,,,,,,,,,,,,,,,,,,,,,,,,,,,,,,,,,,,,,,,,,,,,,,,,,,,,,,,,,,,,,,,,,,,,,,,,,,,,,,,,,,,,,,,,,,,,,,,,,,,,,,,,,,,,,,,,,,,,,,,,,,,,,
